SchoolName,YearTerm,Nationality,Level,Total
โรงเรียนปทุมวิไล,2564/1,ไทย,P1,0
โรงเรียนปทุมวิไล,2564/1,ไทย,P2,0
โรงเรียนปทุมวิไล,2564/1,ไทย,P3,0
โรงเรียนปทุมวิไล,2564/1,ไทย,P4,0
โรงเรียนปทุมวิไล,2564/1,ไทย,P5,0
โรงเรียนปทุมวิไล,2564/1,ไทย,P6,0
โรงเรียนปทุมวิไล,2564/1,ไทย,M1,632
โรงเรียนปทุมวิไล,2564/1,ไทย,M2,640
โรงเรียนปทุมวิไล,2564/1,ไทย,M3,639
โรงเรียนปทุมวิไล,2564/1,ไทย,M4,474
โรงเรียนปทุมวิไล,2564/1,ไทย,M5,489
โรงเรียนปทุมวิไล,2564/1,ไทย,M6,445
โรงเรียนปทุมวิไล,2564/1,กัมพูชา,P1,0
โรงเรียนปทุมวิไล,2564/1,กัมพูชา,P2,0
โรงเรียนปทุมวิไล,2564/1,กัมพูชา,P3,0
โรงเรียนปทุมวิไล,2564/1,กัมพูชา,P4,0
โรงเรียนปทุมวิไล,2564/1,กัมพูชา,P5,0
โรงเรียนปทุมวิไล,2564/1,กัมพูชา,P6,0
โรงเรียนปทุมวิไล,2564/1,กัมพูชา,M1,0
โรงเรียนปทุมวิไล,2564/1,กัมพูชา,M2,0
โรงเรียนปทุมวิไล,2564/1,กัมพูชา,M3,0
โรงเรียนปทุมวิไล,2564/1,กัมพูชา,M4,1
โรงเรียนปทุมวิไล,2564/1,กัมพูชา,M5,0
โรงเรียนปทุมวิไล,2564/1,กัมพูชา,M6,0
โรงเรียนคณะราษฎร์บำรุงปทุมธานี,2564/1,พม่า,P1,0
โรงเรียนคณะราษฎร์บำรุงปทุมธานี,2564/1,พม่า,P2,0
โรงเรียนคณะราษฎร์บำรุงปทุมธานี,2564/1,พม่า,P3,0
โรงเรียนคณะราษฎร์บำรุงปทุมธานี,2564/1,พม่า,P4,0
โรงเรียนคณะราษฎร์บำรุงปทุมธานี,2564/1,พม่า,P5,0
โรงเรียนคณะราษฎร์บำรุงปทุมธานี,2564/1,พม่า,P6,0
โรงเรียนคณะราษฎร์บำรุงปทุมธานี,2564/1,พม่า,M1,2
โรงเรียนคณะราษฎร์บำรุงปทุมธานี,2564/1,พม่า,M2,0
โรงเรียนคณะราษฎร์บำรุงปทุมธานี,2564/1,พม่า,M3,0
โรงเรียนคณะราษฎร์บำรุงปทุมธานี,2564/1,พม่า,M4,0
โรงเรียนคณะราษฎร์บำรุงปทุมธานี,2564/1,พม่า,M5,0
โรงเรียนคณะราษฎร์บำรุงปทุมธานี,2564/1,พม่า,M6,0
โรงเรียนคณะราษฎร์บำรุงปทุมธานี,2564/1,ไทย,P1,0
โรงเรียนคณะราษฎร์บำรุงปทุมธานี,2564/1,ไทย,P2,0
โรงเรียนคณะราษฎร์บำรุงปทุมธานี,2564/1,ไทย,P3,0
โรงเรียนคณะราษฎร์บำรุงปทุมธานี,2564/1,ไทย,P4,0
โรงเรียนคณะราษฎร์บำรุงปทุมธานี,2564/1,ไทย,P5,0
โรงเรียนคณะราษฎร์บำรุงปทุมธานี,2564/1,ไทย,P6,0
โรงเรียนคณะราษฎร์บำรุงปทุมธานี,2564/1,ไทย,M1,474
โรงเรียนคณะราษฎร์บำรุงปทุมธานี,2564/1,ไทย,M2,566
โรงเรียนคณะราษฎร์บำรุงปทุมธานี,2564/1,ไทย,M3,450
โรงเรียนคณะราษฎร์บำรุงปทุมธานี,2564/1,ไทย,M4,404
โรงเรียนคณะราษฎร์บำรุงปทุมธานี,2564/1,ไทย,M5,397
โรงเรียนคณะราษฎร์บำรุงปทุมธานี,2564/1,ไทย,M6,374
โรงเรียนคณะราษฎร์บำรุงปทุมธานี,2564/1,กัมพูชา,P1,0
โรงเรียนคณะราษฎร์บำรุงปทุมธานี,2564/1,กัมพูชา,P2,0
โรงเรียนคณะราษฎร์บำรุงปทุมธานี,2564/1,กัมพูชา,P3,0
โรงเรียนคณะราษฎร์บำรุงปทุมธานี,2564/1,กัมพูชา,P4,0
โรงเรียนคณะราษฎร์บำรุงปทุมธานี,2564/1,กัมพูชา,P5,0
โรงเรียนคณะราษฎร์บำรุงปทุมธานี,2564/1,กัมพูชา,P6,0
โรงเรียนคณะราษฎร์บำรุงปทุมธานี,2564/1,กัมพูชา,M1,1
โรงเรียนคณะราษฎร์บำรุงปทุมธานี,2564/1,กัมพูชา,M2,0
โรงเรียนคณะราษฎร์บำรุงปทุมธานี,2564/1,กัมพูชา,M3,0
โรงเรียนคณะราษฎร์บำรุงปทุมธานี,2564/1,กัมพูชา,M4,0
โรงเรียนคณะราษฎร์บำรุงปทุมธานี,2564/1,กัมพูชา,M5,0
โรงเรียนคณะราษฎร์บำรุงปทุมธานี,2564/1,กัมพูชา,M6,0
โรงเรียนปทุมธานี นันทมุนีบำรุง,2564/1,อื่นๆ,P1,0
โรงเรียนปทุมธานี นันทมุนีบำรุง,2564/1,อื่นๆ,P2,0
โรงเรียนปทุมธานี นันทมุนีบำรุง,2564/1,อื่นๆ,P3,0
โรงเรียนปทุมธานี นันทมุนีบำรุง,2564/1,อื่นๆ,P4,0
โรงเรียนปทุมธานี นันทมุนีบำรุง,2564/1,อื่นๆ,P5,0
โรงเรียนปทุมธานี นันทมุนีบำรุง,2564/1,อื่นๆ,P6,0
โรงเรียนปทุมธานี นันทมุนีบำรุง,2564/1,อื่นๆ,M1,0
โรงเรียนปทุมธานี นันทมุนีบำรุง,2564/1,อื่นๆ,M2,1
โรงเรียนปทุมธานี นันทมุนีบำรุง,2564/1,อื่นๆ,M3,0
โรงเรียนปทุมธานี นันทมุนีบำรุง,2564/1,อื่นๆ,M4,0
โรงเรียนปทุมธานี นันทมุนีบำรุง,2564/1,อื่นๆ,M5,1
โรงเรียนปทุมธานี นันทมุนีบำรุง,2564/1,อื่นๆ,M6,0
โรงเรียนปทุมธานี นันทมุนีบำรุง,2564/1,ไทย,P1,0
โรงเรียนปทุมธานี นันทมุนีบำรุง,2564/1,ไทย,P2,0
โรงเรียนปทุมธานี นันทมุนีบำรุง,2564/1,ไทย,P3,0
โรงเรียนปทุมธานี นันทมุนีบำรุง,2564/1,ไทย,P4,0
โรงเรียนปทุมธานี นันทมุนีบำรุง,2564/1,ไทย,P5,0
โรงเรียนปทุมธานี นันทมุนีบำรุง,2564/1,ไทย,P6,0
โรงเรียนปทุมธานี นันทมุนีบำรุง,2564/1,ไทย,M1,200
โรงเรียนปทุมธานี นันทมุนีบำรุง,2564/1,ไทย,M2,169
โรงเรียนปทุมธานี นันทมุนีบำรุง,2564/1,ไทย,M3,172
โรงเรียนปทุมธานี นันทมุนีบำรุง,2564/1,ไทย,M4,125
โรงเรียนปทุมธานี นันทมุนีบำรุง,2564/1,ไทย,M5,100
โรงเรียนปทุมธานี นันทมุนีบำรุง,2564/1,ไทย,M6,83
โรงเรียนหอวัง ปทุมธานี,2564/1,สิงคโปร์,P1,0
โรงเรียนหอวัง ปทุมธานี,2564/1,สิงคโปร์,P2,0
โรงเรียนหอวัง ปทุมธานี,2564/1,สิงคโปร์,P3,0
โรงเรียนหอวัง ปทุมธานี,2564/1,สิงคโปร์,P4,0
โรงเรียนหอวัง ปทุมธานี,2564/1,สิงคโปร์,P5,0
โรงเรียนหอวัง ปทุมธานี,2564/1,สิงคโปร์,P6,0
โรงเรียนหอวัง ปทุมธานี,2564/1,สิงคโปร์,M1,1
โรงเรียนหอวัง ปทุมธานี,2564/1,สิงคโปร์,M2,0
โรงเรียนหอวัง ปทุมธานี,2564/1,สิงคโปร์,M3,0
โรงเรียนหอวัง ปทุมธานี,2564/1,สิงคโปร์,M4,0
โรงเรียนหอวัง ปทุมธานี,2564/1,สิงคโปร์,M5,0
โรงเรียนหอวัง ปทุมธานี,2564/1,สิงคโปร์,M6,0
โรงเรียนหอวัง ปทุมธานี,2564/1,ไทย,P1,0
โรงเรียนหอวัง ปทุมธานี,2564/1,ไทย,P2,0
โรงเรียนหอวัง ปทุมธานี,2564/1,ไทย,P3,0
โรงเรียนหอวัง ปทุมธานี,2564/1,ไทย,P4,0
โรงเรียนหอวัง ปทุมธานี,2564/1,ไทย,P5,0
โรงเรียนหอวัง ปทุมธานี,2564/1,ไทย,P6,0
โรงเรียนหอวัง ปทุมธานี,2564/1,ไทย,M1,429
โรงเรียนหอวัง ปทุมธานี,2564/1,ไทย,M2,429
โรงเรียนหอวัง ปทุมธานี,2564/1,ไทย,M3,476
โรงเรียนหอวัง ปทุมธานี,2564/1,ไทย,M4,528
โรงเรียนหอวัง ปทุมธานี,2564/1,ไทย,M5,412
โรงเรียนหอวัง ปทุมธานี,2564/1,ไทย,M6,411
โรงเรียนหอวัง ปทุมธานี,2564/1,จีน,P1,0
โรงเรียนหอวัง ปทุมธานี,2564/1,จีน,P2,0
โรงเรียนหอวัง ปทุมธานี,2564/1,จีน,P3,0
โรงเรียนหอวัง ปทุมธานี,2564/1,จีน,P4,0
โรงเรียนหอวัง ปทุมธานี,2564/1,จีน,P5,0
โรงเรียนหอวัง ปทุมธานี,2564/1,จีน,P6,0
โรงเรียนหอวัง ปทุมธานี,2564/1,จีน,M1,0
โรงเรียนหอวัง ปทุมธานี,2564/1,จีน,M2,0
โรงเรียนหอวัง ปทุมธานี,2564/1,จีน,M3,0
โรงเรียนหอวัง ปทุมธานี,2564/1,จีน,M4,0
โรงเรียนหอวัง ปทุมธานี,2564/1,จีน,M5,0
โรงเรียนหอวัง ปทุมธานี,2564/1,จีน,M6,1
โรงเรียนหอวัง ปทุมธานี,2564/1,กัมพูชา,P1,0
โรงเรียนหอวัง ปทุมธานี,2564/1,กัมพูชา,P2,0
โรงเรียนหอวัง ปทุมธานี,2564/1,กัมพูชา,P3,0
โรงเรียนหอวัง ปทุมธานี,2564/1,กัมพูชา,P4,0
โรงเรียนหอวัง ปทุมธานี,2564/1,กัมพูชา,P5,0
โรงเรียนหอวัง ปทุมธานี,2564/1,กัมพูชา,P6,0
โรงเรียนหอวัง ปทุมธานี,2564/1,กัมพูชา,M1,1
โรงเรียนหอวัง ปทุมธานี,2564/1,กัมพูชา,M2,1
โรงเรียนหอวัง ปทุมธานี,2564/1,กัมพูชา,M3,1
โรงเรียนหอวัง ปทุมธานี,2564/1,กัมพูชา,M4,0
โรงเรียนหอวัง ปทุมธานี,2564/1,กัมพูชา,M5,0
โรงเรียนหอวัง ปทุมธานี,2564/1,กัมพูชา,M6,0
โรงเรียนทีปังกรวิทยาพัฒน์ (มัธยมวัดหัตถสารเกษตร) ในพระราชูปถัมภ์ฯ,2564/1,อื่นๆ,P1,0
โรงเรียนทีปังกรวิทยาพัฒน์ (มัธยมวัดหัตถสารเกษตร) ในพระราชูปถัมภ์ฯ,2564/1,อื่นๆ,P2,0
โรงเรียนทีปังกรวิทยาพัฒน์ (มัธยมวัดหัตถสารเกษตร) ในพระราชูปถัมภ์ฯ,2564/1,อื่นๆ,P3,0
โรงเรียนทีปังกรวิทยาพัฒน์ (มัธยมวัดหัตถสารเกษตร) ในพระราชูปถัมภ์ฯ,2564/1,อื่นๆ,P4,0
โรงเรียนทีปังกรวิทยาพัฒน์ (มัธยมวัดหัตถสารเกษตร) ในพระราชูปถัมภ์ฯ,2564/1,อื่นๆ,P5,0
โรงเรียนทีปังกรวิทยาพัฒน์ (มัธยมวัดหัตถสารเกษตร) ในพระราชูปถัมภ์ฯ,2564/1,อื่นๆ,P6,0
โรงเรียนทีปังกรวิทยาพัฒน์ (มัธยมวัดหัตถสารเกษตร) ในพระราชูปถัมภ์ฯ,2564/1,อื่นๆ,M1,0
โรงเรียนทีปังกรวิทยาพัฒน์ (มัธยมวัดหัตถสารเกษตร) ในพระราชูปถัมภ์ฯ,2564/1,อื่นๆ,M2,1
โรงเรียนทีปังกรวิทยาพัฒน์ (มัธยมวัดหัตถสารเกษตร) ในพระราชูปถัมภ์ฯ,2564/1,อื่นๆ,M3,1
โรงเรียนทีปังกรวิทยาพัฒน์ (มัธยมวัดหัตถสารเกษตร) ในพระราชูปถัมภ์ฯ,2564/1,อื่นๆ,M4,0
โรงเรียนทีปังกรวิทยาพัฒน์ (มัธยมวัดหัตถสารเกษตร) ในพระราชูปถัมภ์ฯ,2564/1,อื่นๆ,M5,0
โรงเรียนทีปังกรวิทยาพัฒน์ (มัธยมวัดหัตถสารเกษตร) ในพระราชูปถัมภ์ฯ,2564/1,อื่นๆ,M6,1
โรงเรียนทีปังกรวิทยาพัฒน์ (มัธยมวัดหัตถสารเกษตร) ในพระราชูปถัมภ์ฯ,2564/1,ลาว,P1,0
โรงเรียนทีปังกรวิทยาพัฒน์ (มัธยมวัดหัตถสารเกษตร) ในพระราชูปถัมภ์ฯ,2564/1,ลาว,P2,0
โรงเรียนทีปังกรวิทยาพัฒน์ (มัธยมวัดหัตถสารเกษตร) ในพระราชูปถัมภ์ฯ,2564/1,ลาว,P3,0
โรงเรียนทีปังกรวิทยาพัฒน์ (มัธยมวัดหัตถสารเกษตร) ในพระราชูปถัมภ์ฯ,2564/1,ลาว,P4,0
โรงเรียนทีปังกรวิทยาพัฒน์ (มัธยมวัดหัตถสารเกษตร) ในพระราชูปถัมภ์ฯ,2564/1,ลาว,P5,0
โรงเรียนทีปังกรวิทยาพัฒน์ (มัธยมวัดหัตถสารเกษตร) ในพระราชูปถัมภ์ฯ,2564/1,ลาว,P6,0
โรงเรียนทีปังกรวิทยาพัฒน์ (มัธยมวัดหัตถสารเกษตร) ในพระราชูปถัมภ์ฯ,2564/1,ลาว,M1,0
โรงเรียนทีปังกรวิทยาพัฒน์ (มัธยมวัดหัตถสารเกษตร) ในพระราชูปถัมภ์ฯ,2564/1,ลาว,M2,0
โรงเรียนทีปังกรวิทยาพัฒน์ (มัธยมวัดหัตถสารเกษตร) ในพระราชูปถัมภ์ฯ,2564/1,ลาว,M3,1
โรงเรียนทีปังกรวิทยาพัฒน์ (มัธยมวัดหัตถสารเกษตร) ในพระราชูปถัมภ์ฯ,2564/1,ลาว,M4,0
โรงเรียนทีปังกรวิทยาพัฒน์ (มัธยมวัดหัตถสารเกษตร) ในพระราชูปถัมภ์ฯ,2564/1,ลาว,M5,0
โรงเรียนทีปังกรวิทยาพัฒน์ (มัธยมวัดหัตถสารเกษตร) ในพระราชูปถัมภ์ฯ,2564/1,ลาว,M6,0
โรงเรียนทีปังกรวิทยาพัฒน์ (มัธยมวัดหัตถสารเกษตร) ในพระราชูปถัมภ์ฯ,2564/1,ไม่ปรากฎสัญชาติ,P1,0
โรงเรียนทีปังกรวิทยาพัฒน์ (มัธยมวัดหัตถสารเกษตร) ในพระราชูปถัมภ์ฯ,2564/1,ไม่ปรากฎสัญชาติ,P2,0
โรงเรียนทีปังกรวิทยาพัฒน์ (มัธยมวัดหัตถสารเกษตร) ในพระราชูปถัมภ์ฯ,2564/1,ไม่ปรากฎสัญชาติ,P3,0
โรงเรียนทีปังกรวิทยาพัฒน์ (มัธยมวัดหัตถสารเกษตร) ในพระราชูปถัมภ์ฯ,2564/1,ไม่ปรากฎสัญชาติ,P4,0
โรงเรียนทีปังกรวิทยาพัฒน์ (มัธยมวัดหัตถสารเกษตร) ในพระราชูปถัมภ์ฯ,2564/1,ไม่ปรากฎสัญชาติ,P5,0
โรงเรียนทีปังกรวิทยาพัฒน์ (มัธยมวัดหัตถสารเกษตร) ในพระราชูปถัมภ์ฯ,2564/1,ไม่ปรากฎสัญชาติ,P6,0
โรงเรียนทีปังกรวิทยาพัฒน์ (มัธยมวัดหัตถสารเกษตร) ในพระราชูปถัมภ์ฯ,2564/1,ไม่ปรากฎสัญชาติ,M1,0
โรงเรียนทีปังกรวิทยาพัฒน์ (มัธยมวัดหัตถสารเกษตร) ในพระราชูปถัมภ์ฯ,2564/1,ไม่ปรากฎสัญชาติ,M2,0
โรงเรียนทีปังกรวิทยาพัฒน์ (มัธยมวัดหัตถสารเกษตร) ในพระราชูปถัมภ์ฯ,2564/1,ไม่ปรากฎสัญชาติ,M3,1
โรงเรียนทีปังกรวิทยาพัฒน์ (มัธยมวัดหัตถสารเกษตร) ในพระราชูปถัมภ์ฯ,2564/1,ไม่ปรากฎสัญชาติ,M4,0
โรงเรียนทีปังกรวิทยาพัฒน์ (มัธยมวัดหัตถสารเกษตร) ในพระราชูปถัมภ์ฯ,2564/1,ไม่ปรากฎสัญชาติ,M5,1
โรงเรียนทีปังกรวิทยาพัฒน์ (มัธยมวัดหัตถสารเกษตร) ในพระราชูปถัมภ์ฯ,2564/1,ไม่ปรากฎสัญชาติ,M6,0
โรงเรียนทีปังกรวิทยาพัฒน์ (มัธยมวัดหัตถสารเกษตร) ในพระราชูปถัมภ์ฯ,2564/1,พม่า,P1,0
โรงเรียนทีปังกรวิทยาพัฒน์ (มัธยมวัดหัตถสารเกษตร) ในพระราชูปถัมภ์ฯ,2564/1,พม่า,P2,0
โรงเรียนทีปังกรวิทยาพัฒน์ (มัธยมวัดหัตถสารเกษตร) ในพระราชูปถัมภ์ฯ,2564/1,พม่า,P3,0
โรงเรียนทีปังกรวิทยาพัฒน์ (มัธยมวัดหัตถสารเกษตร) ในพระราชูปถัมภ์ฯ,2564/1,พม่า,P4,0
โรงเรียนทีปังกรวิทยาพัฒน์ (มัธยมวัดหัตถสารเกษตร) ในพระราชูปถัมภ์ฯ,2564/1,พม่า,P5,0
โรงเรียนทีปังกรวิทยาพัฒน์ (มัธยมวัดหัตถสารเกษตร) ในพระราชูปถัมภ์ฯ,2564/1,พม่า,P6,0
โรงเรียนทีปังกรวิทยาพัฒน์ (มัธยมวัดหัตถสารเกษตร) ในพระราชูปถัมภ์ฯ,2564/1,พม่า,M1,0
โรงเรียนทีปังกรวิทยาพัฒน์ (มัธยมวัดหัตถสารเกษตร) ในพระราชูปถัมภ์ฯ,2564/1,พม่า,M2,0
โรงเรียนทีปังกรวิทยาพัฒน์ (มัธยมวัดหัตถสารเกษตร) ในพระราชูปถัมภ์ฯ,2564/1,พม่า,M3,0
โรงเรียนทีปังกรวิทยาพัฒน์ (มัธยมวัดหัตถสารเกษตร) ในพระราชูปถัมภ์ฯ,2564/1,พม่า,M4,0
โรงเรียนทีปังกรวิทยาพัฒน์ (มัธยมวัดหัตถสารเกษตร) ในพระราชูปถัมภ์ฯ,2564/1,พม่า,M5,1
โรงเรียนทีปังกรวิทยาพัฒน์ (มัธยมวัดหัตถสารเกษตร) ในพระราชูปถัมภ์ฯ,2564/1,พม่า,M6,0
โรงเรียนทีปังกรวิทยาพัฒน์ (มัธยมวัดหัตถสารเกษตร) ในพระราชูปถัมภ์ฯ,2564/1,ไทย,P1,0
โรงเรียนทีปังกรวิทยาพัฒน์ (มัธยมวัดหัตถสารเกษตร) ในพระราชูปถัมภ์ฯ,2564/1,ไทย,P2,0
โรงเรียนทีปังกรวิทยาพัฒน์ (มัธยมวัดหัตถสารเกษตร) ในพระราชูปถัมภ์ฯ,2564/1,ไทย,P3,0
โรงเรียนทีปังกรวิทยาพัฒน์ (มัธยมวัดหัตถสารเกษตร) ในพระราชูปถัมภ์ฯ,2564/1,ไทย,P4,0
โรงเรียนทีปังกรวิทยาพัฒน์ (มัธยมวัดหัตถสารเกษตร) ในพระราชูปถัมภ์ฯ,2564/1,ไทย,P5,0
โรงเรียนทีปังกรวิทยาพัฒน์ (มัธยมวัดหัตถสารเกษตร) ในพระราชูปถัมภ์ฯ,2564/1,ไทย,P6,0
โรงเรียนทีปังกรวิทยาพัฒน์ (มัธยมวัดหัตถสารเกษตร) ในพระราชูปถัมภ์ฯ,2564/1,ไทย,M1,470
โรงเรียนทีปังกรวิทยาพัฒน์ (มัธยมวัดหัตถสารเกษตร) ในพระราชูปถัมภ์ฯ,2564/1,ไทย,M2,430
โรงเรียนทีปังกรวิทยาพัฒน์ (มัธยมวัดหัตถสารเกษตร) ในพระราชูปถัมภ์ฯ,2564/1,ไทย,M3,473
โรงเรียนทีปังกรวิทยาพัฒน์ (มัธยมวัดหัตถสารเกษตร) ในพระราชูปถัมภ์ฯ,2564/1,ไทย,M4,476
โรงเรียนทีปังกรวิทยาพัฒน์ (มัธยมวัดหัตถสารเกษตร) ในพระราชูปถัมภ์ฯ,2564/1,ไทย,M5,344
โรงเรียนทีปังกรวิทยาพัฒน์ (มัธยมวัดหัตถสารเกษตร) ในพระราชูปถัมภ์ฯ,2564/1,ไทย,M6,285
โรงเรียนทีปังกรวิทยาพัฒน์ (มัธยมวัดหัตถสารเกษตร) ในพระราชูปถัมภ์ฯ,2564/1,เกาหลีใต้,P1,0
โรงเรียนทีปังกรวิทยาพัฒน์ (มัธยมวัดหัตถสารเกษตร) ในพระราชูปถัมภ์ฯ,2564/1,เกาหลีใต้,P2,0
โรงเรียนทีปังกรวิทยาพัฒน์ (มัธยมวัดหัตถสารเกษตร) ในพระราชูปถัมภ์ฯ,2564/1,เกาหลีใต้,P3,0
โรงเรียนทีปังกรวิทยาพัฒน์ (มัธยมวัดหัตถสารเกษตร) ในพระราชูปถัมภ์ฯ,2564/1,เกาหลีใต้,P4,0
โรงเรียนทีปังกรวิทยาพัฒน์ (มัธยมวัดหัตถสารเกษตร) ในพระราชูปถัมภ์ฯ,2564/1,เกาหลีใต้,P5,0
โรงเรียนทีปังกรวิทยาพัฒน์ (มัธยมวัดหัตถสารเกษตร) ในพระราชูปถัมภ์ฯ,2564/1,เกาหลีใต้,P6,0
โรงเรียนทีปังกรวิทยาพัฒน์ (มัธยมวัดหัตถสารเกษตร) ในพระราชูปถัมภ์ฯ,2564/1,เกาหลีใต้,M1,1
โรงเรียนทีปังกรวิทยาพัฒน์ (มัธยมวัดหัตถสารเกษตร) ในพระราชูปถัมภ์ฯ,2564/1,เกาหลีใต้,M2,0
โรงเรียนทีปังกรวิทยาพัฒน์ (มัธยมวัดหัตถสารเกษตร) ในพระราชูปถัมภ์ฯ,2564/1,เกาหลีใต้,M3,1
โรงเรียนทีปังกรวิทยาพัฒน์ (มัธยมวัดหัตถสารเกษตร) ในพระราชูปถัมภ์ฯ,2564/1,เกาหลีใต้,M4,0
โรงเรียนทีปังกรวิทยาพัฒน์ (มัธยมวัดหัตถสารเกษตร) ในพระราชูปถัมภ์ฯ,2564/1,เกาหลีใต้,M5,0
โรงเรียนทีปังกรวิทยาพัฒน์ (มัธยมวัดหัตถสารเกษตร) ในพระราชูปถัมภ์ฯ,2564/1,เกาหลีใต้,M6,0
โรงเรียนทีปังกรวิทยาพัฒน์ (มัธยมวัดหัตถสารเกษตร) ในพระราชูปถัมภ์ฯ,2564/1,กัมพูชา,P1,0
โรงเรียนทีปังกรวิทยาพัฒน์ (มัธยมวัดหัตถสารเกษตร) ในพระราชูปถัมภ์ฯ,2564/1,กัมพูชา,P2,0
โรงเรียนทีปังกรวิทยาพัฒน์ (มัธยมวัดหัตถสารเกษตร) ในพระราชูปถัมภ์ฯ,2564/1,กัมพูชา,P3,0
โรงเรียนทีปังกรวิทยาพัฒน์ (มัธยมวัดหัตถสารเกษตร) ในพระราชูปถัมภ์ฯ,2564/1,กัมพูชา,P4,0
โรงเรียนทีปังกรวิทยาพัฒน์ (มัธยมวัดหัตถสารเกษตร) ในพระราชูปถัมภ์ฯ,2564/1,กัมพูชา,P5,0
โรงเรียนทีปังกรวิทยาพัฒน์ (มัธยมวัดหัตถสารเกษตร) ในพระราชูปถัมภ์ฯ,2564/1,กัมพูชา,P6,0
โรงเรียนทีปังกรวิทยาพัฒน์ (มัธยมวัดหัตถสารเกษตร) ในพระราชูปถัมภ์ฯ,2564/1,กัมพูชา,M1,2
โรงเรียนทีปังกรวิทยาพัฒน์ (มัธยมวัดหัตถสารเกษตร) ในพระราชูปถัมภ์ฯ,2564/1,กัมพูชา,M2,0
โรงเรียนทีปังกรวิทยาพัฒน์ (มัธยมวัดหัตถสารเกษตร) ในพระราชูปถัมภ์ฯ,2564/1,กัมพูชา,M3,0
โรงเรียนทีปังกรวิทยาพัฒน์ (มัธยมวัดหัตถสารเกษตร) ในพระราชูปถัมภ์ฯ,2564/1,กัมพูชา,M4,0
โรงเรียนทีปังกรวิทยาพัฒน์ (มัธยมวัดหัตถสารเกษตร) ในพระราชูปถัมภ์ฯ,2564/1,กัมพูชา,M5,0
โรงเรียนทีปังกรวิทยาพัฒน์ (มัธยมวัดหัตถสารเกษตร) ในพระราชูปถัมภ์ฯ,2564/1,กัมพูชา,M6,1
โรงเรียนสวนกุหลาบวิทยาลัย รังสิต,2564/1,อื่นๆ,P1,0
โรงเรียนสวนกุหลาบวิทยาลัย รังสิต,2564/1,อื่นๆ,P2,0
โรงเรียนสวนกุหลาบวิทยาลัย รังสิต,2564/1,อื่นๆ,P3,0
โรงเรียนสวนกุหลาบวิทยาลัย รังสิต,2564/1,อื่นๆ,P4,0
โรงเรียนสวนกุหลาบวิทยาลัย รังสิต,2564/1,อื่นๆ,P5,0
โรงเรียนสวนกุหลาบวิทยาลัย รังสิต,2564/1,อื่นๆ,P6,0
โรงเรียนสวนกุหลาบวิทยาลัย รังสิต,2564/1,อื่นๆ,M1,1
โรงเรียนสวนกุหลาบวิทยาลัย รังสิต,2564/1,อื่นๆ,M2,1
โรงเรียนสวนกุหลาบวิทยาลัย รังสิต,2564/1,อื่นๆ,M3,1
โรงเรียนสวนกุหลาบวิทยาลัย รังสิต,2564/1,อื่นๆ,M4,1
โรงเรียนสวนกุหลาบวิทยาลัย รังสิต,2564/1,อื่นๆ,M5,3
โรงเรียนสวนกุหลาบวิทยาลัย รังสิต,2564/1,อื่นๆ,M6,0
โรงเรียนสวนกุหลาบวิทยาลัย รังสิต,2564/1,ไทย,P1,0
โรงเรียนสวนกุหลาบวิทยาลัย รังสิต,2564/1,ไทย,P2,0
โรงเรียนสวนกุหลาบวิทยาลัย รังสิต,2564/1,ไทย,P3,0
โรงเรียนสวนกุหลาบวิทยาลัย รังสิต,2564/1,ไทย,P4,0
โรงเรียนสวนกุหลาบวิทยาลัย รังสิต,2564/1,ไทย,P5,0
โรงเรียนสวนกุหลาบวิทยาลัย รังสิต,2564/1,ไทย,P6,0
โรงเรียนสวนกุหลาบวิทยาลัย รังสิต,2564/1,ไทย,M1,554
โรงเรียนสวนกุหลาบวิทยาลัย รังสิต,2564/1,ไทย,M2,576
โรงเรียนสวนกุหลาบวิทยาลัย รังสิต,2564/1,ไทย,M3,569
โรงเรียนสวนกุหลาบวิทยาลัย รังสิต,2564/1,ไทย,M4,600
โรงเรียนสวนกุหลาบวิทยาลัย รังสิต,2564/1,ไทย,M5,637
โรงเรียนสวนกุหลาบวิทยาลัย รังสิต,2564/1,ไทย,M6,631
โรงเรียนสวนกุหลาบวิทยาลัย รังสิต,2564/1,ญี่ปุ่น,P1,0
โรงเรียนสวนกุหลาบวิทยาลัย รังสิต,2564/1,ญี่ปุ่น,P2,0
โรงเรียนสวนกุหลาบวิทยาลัย รังสิต,2564/1,ญี่ปุ่น,P3,0
โรงเรียนสวนกุหลาบวิทยาลัย รังสิต,2564/1,ญี่ปุ่น,P4,0
โรงเรียนสวนกุหลาบวิทยาลัย รังสิต,2564/1,ญี่ปุ่น,P5,0
โรงเรียนสวนกุหลาบวิทยาลัย รังสิต,2564/1,ญี่ปุ่น,P6,0
โรงเรียนสวนกุหลาบวิทยาลัย รังสิต,2564/1,ญี่ปุ่น,M1,0
โรงเรียนสวนกุหลาบวิทยาลัย รังสิต,2564/1,ญี่ปุ่น,M2,0
โรงเรียนสวนกุหลาบวิทยาลัย รังสิต,2564/1,ญี่ปุ่น,M3,0
โรงเรียนสวนกุหลาบวิทยาลัย รังสิต,2564/1,ญี่ปุ่น,M4,1
โรงเรียนสวนกุหลาบวิทยาลัย รังสิต,2564/1,ญี่ปุ่น,M5,0
โรงเรียนสวนกุหลาบวิทยาลัย รังสิต,2564/1,ญี่ปุ่น,M6,0
โรงเรียนสวนกุหลาบวิทยาลัย รังสิต,2564/1,จีน,P1,0
โรงเรียนสวนกุหลาบวิทยาลัย รังสิต,2564/1,จีน,P2,0
โรงเรียนสวนกุหลาบวิทยาลัย รังสิต,2564/1,จีน,P3,0
โรงเรียนสวนกุหลาบวิทยาลัย รังสิต,2564/1,จีน,P4,0
โรงเรียนสวนกุหลาบวิทยาลัย รังสิต,2564/1,จีน,P5,0
โรงเรียนสวนกุหลาบวิทยาลัย รังสิต,2564/1,จีน,P6,0
โรงเรียนสวนกุหลาบวิทยาลัย รังสิต,2564/1,จีน,M1,1
โรงเรียนสวนกุหลาบวิทยาลัย รังสิต,2564/1,จีน,M2,0
โรงเรียนสวนกุหลาบวิทยาลัย รังสิต,2564/1,จีน,M3,0
โรงเรียนสวนกุหลาบวิทยาลัย รังสิต,2564/1,จีน,M4,0
โรงเรียนสวนกุหลาบวิทยาลัย รังสิต,2564/1,จีน,M5,0
โรงเรียนสวนกุหลาบวิทยาลัย รังสิต,2564/1,จีน,M6,0
โรงเรียนสวนกุหลาบวิทยาลัย รังสิต,2564/1,กัมพูชา,P1,0
โรงเรียนสวนกุหลาบวิทยาลัย รังสิต,2564/1,กัมพูชา,P2,0
โรงเรียนสวนกุหลาบวิทยาลัย รังสิต,2564/1,กัมพูชา,P3,0
โรงเรียนสวนกุหลาบวิทยาลัย รังสิต,2564/1,กัมพูชา,P4,0
โรงเรียนสวนกุหลาบวิทยาลัย รังสิต,2564/1,กัมพูชา,P5,0
โรงเรียนสวนกุหลาบวิทยาลัย รังสิต,2564/1,กัมพูชา,P6,0
โรงเรียนสวนกุหลาบวิทยาลัย รังสิต,2564/1,กัมพูชา,M1,0
โรงเรียนสวนกุหลาบวิทยาลัย รังสิต,2564/1,กัมพูชา,M2,0
โรงเรียนสวนกุหลาบวิทยาลัย รังสิต,2564/1,กัมพูชา,M3,1
โรงเรียนสวนกุหลาบวิทยาลัย รังสิต,2564/1,กัมพูชา,M4,0
โรงเรียนสวนกุหลาบวิทยาลัย รังสิต,2564/1,กัมพูชา,M5,1
โรงเรียนสวนกุหลาบวิทยาลัย รังสิต,2564/1,กัมพูชา,M6,0
โรงเรียนธรรมศาสตร์คลองหลวงวิทยาคม,2564/1,ลาว,P1,0
โรงเรียนธรรมศาสตร์คลองหลวงวิทยาคม,2564/1,ลาว,P2,0
โรงเรียนธรรมศาสตร์คลองหลวงวิทยาคม,2564/1,ลาว,P3,0
โรงเรียนธรรมศาสตร์คลองหลวงวิทยาคม,2564/1,ลาว,P4,0
โรงเรียนธรรมศาสตร์คลองหลวงวิทยาคม,2564/1,ลาว,P5,0
โรงเรียนธรรมศาสตร์คลองหลวงวิทยาคม,2564/1,ลาว,P6,0
โรงเรียนธรรมศาสตร์คลองหลวงวิทยาคม,2564/1,ลาว,M1,1
โรงเรียนธรรมศาสตร์คลองหลวงวิทยาคม,2564/1,ลาว,M2,0
โรงเรียนธรรมศาสตร์คลองหลวงวิทยาคม,2564/1,ลาว,M3,0
โรงเรียนธรรมศาสตร์คลองหลวงวิทยาคม,2564/1,ลาว,M4,0
โรงเรียนธรรมศาสตร์คลองหลวงวิทยาคม,2564/1,ลาว,M5,0
โรงเรียนธรรมศาสตร์คลองหลวงวิทยาคม,2564/1,ลาว,M6,0
โรงเรียนธรรมศาสตร์คลองหลวงวิทยาคม,2564/1,ไม่ปรากฎสัญชาติ,P1,0
โรงเรียนธรรมศาสตร์คลองหลวงวิทยาคม,2564/1,ไม่ปรากฎสัญชาติ,P2,0
โรงเรียนธรรมศาสตร์คลองหลวงวิทยาคม,2564/1,ไม่ปรากฎสัญชาติ,P3,0
โรงเรียนธรรมศาสตร์คลองหลวงวิทยาคม,2564/1,ไม่ปรากฎสัญชาติ,P4,0
โรงเรียนธรรมศาสตร์คลองหลวงวิทยาคม,2564/1,ไม่ปรากฎสัญชาติ,P5,0
โรงเรียนธรรมศาสตร์คลองหลวงวิทยาคม,2564/1,ไม่ปรากฎสัญชาติ,P6,0
โรงเรียนธรรมศาสตร์คลองหลวงวิทยาคม,2564/1,ไม่ปรากฎสัญชาติ,M1,1
โรงเรียนธรรมศาสตร์คลองหลวงวิทยาคม,2564/1,ไม่ปรากฎสัญชาติ,M2,0
โรงเรียนธรรมศาสตร์คลองหลวงวิทยาคม,2564/1,ไม่ปรากฎสัญชาติ,M3,0
โรงเรียนธรรมศาสตร์คลองหลวงวิทยาคม,2564/1,ไม่ปรากฎสัญชาติ,M4,2
โรงเรียนธรรมศาสตร์คลองหลวงวิทยาคม,2564/1,ไม่ปรากฎสัญชาติ,M5,0
โรงเรียนธรรมศาสตร์คลองหลวงวิทยาคม,2564/1,ไม่ปรากฎสัญชาติ,M6,1
โรงเรียนธรรมศาสตร์คลองหลวงวิทยาคม,2564/1,พม่า,P1,0
โรงเรียนธรรมศาสตร์คลองหลวงวิทยาคม,2564/1,พม่า,P2,0
โรงเรียนธรรมศาสตร์คลองหลวงวิทยาคม,2564/1,พม่า,P3,0
โรงเรียนธรรมศาสตร์คลองหลวงวิทยาคม,2564/1,พม่า,P4,0
โรงเรียนธรรมศาสตร์คลองหลวงวิทยาคม,2564/1,พม่า,P5,0
โรงเรียนธรรมศาสตร์คลองหลวงวิทยาคม,2564/1,พม่า,P6,0
โรงเรียนธรรมศาสตร์คลองหลวงวิทยาคม,2564/1,พม่า,M1,0
โรงเรียนธรรมศาสตร์คลองหลวงวิทยาคม,2564/1,พม่า,M2,0
โรงเรียนธรรมศาสตร์คลองหลวงวิทยาคม,2564/1,พม่า,M3,1
โรงเรียนธรรมศาสตร์คลองหลวงวิทยาคม,2564/1,พม่า,M4,1
โรงเรียนธรรมศาสตร์คลองหลวงวิทยาคม,2564/1,พม่า,M5,1
โรงเรียนธรรมศาสตร์คลองหลวงวิทยาคม,2564/1,พม่า,M6,0
โรงเรียนธรรมศาสตร์คลองหลวงวิทยาคม,2564/1,ไทย,P1,0
โรงเรียนธรรมศาสตร์คลองหลวงวิทยาคม,2564/1,ไทย,P2,0
โรงเรียนธรรมศาสตร์คลองหลวงวิทยาคม,2564/1,ไทย,P3,0
โรงเรียนธรรมศาสตร์คลองหลวงวิทยาคม,2564/1,ไทย,P4,0
โรงเรียนธรรมศาสตร์คลองหลวงวิทยาคม,2564/1,ไทย,P5,0
โรงเรียนธรรมศาสตร์คลองหลวงวิทยาคม,2564/1,ไทย,P6,0
โรงเรียนธรรมศาสตร์คลองหลวงวิทยาคม,2564/1,ไทย,M1,862
โรงเรียนธรรมศาสตร์คลองหลวงวิทยาคม,2564/1,ไทย,M2,881
โรงเรียนธรรมศาสตร์คลองหลวงวิทยาคม,2564/1,ไทย,M3,854
โรงเรียนธรรมศาสตร์คลองหลวงวิทยาคม,2564/1,ไทย,M4,805
โรงเรียนธรรมศาสตร์คลองหลวงวิทยาคม,2564/1,ไทย,M5,834
โรงเรียนธรรมศาสตร์คลองหลวงวิทยาคม,2564/1,ไทย,M6,781
โรงเรียนธรรมศาสตร์คลองหลวงวิทยาคม,2564/1,กัมพูชา,P1,0
โรงเรียนธรรมศาสตร์คลองหลวงวิทยาคม,2564/1,กัมพูชา,P2,0
โรงเรียนธรรมศาสตร์คลองหลวงวิทยาคม,2564/1,กัมพูชา,P3,0
โรงเรียนธรรมศาสตร์คลองหลวงวิทยาคม,2564/1,กัมพูชา,P4,0
โรงเรียนธรรมศาสตร์คลองหลวงวิทยาคม,2564/1,กัมพูชา,P5,0
โรงเรียนธรรมศาสตร์คลองหลวงวิทยาคม,2564/1,กัมพูชา,P6,0
โรงเรียนธรรมศาสตร์คลองหลวงวิทยาคม,2564/1,กัมพูชา,M1,1
โรงเรียนธรรมศาสตร์คลองหลวงวิทยาคม,2564/1,กัมพูชา,M2,2
โรงเรียนธรรมศาสตร์คลองหลวงวิทยาคม,2564/1,กัมพูชา,M3,1
โรงเรียนธรรมศาสตร์คลองหลวงวิทยาคม,2564/1,กัมพูชา,M4,1
โรงเรียนธรรมศาสตร์คลองหลวงวิทยาคม,2564/1,กัมพูชา,M5,0
โรงเรียนธรรมศาสตร์คลองหลวงวิทยาคม,2564/1,กัมพูชา,M6,2
โรงเรียนบัวแก้วเกษร,2564/1,พม่า,P1,0
โรงเรียนบัวแก้วเกษร,2564/1,พม่า,P2,0
โรงเรียนบัวแก้วเกษร,2564/1,พม่า,P3,0
โรงเรียนบัวแก้วเกษร,2564/1,พม่า,P4,0
โรงเรียนบัวแก้วเกษร,2564/1,พม่า,P5,0
โรงเรียนบัวแก้วเกษร,2564/1,พม่า,P6,0
โรงเรียนบัวแก้วเกษร,2564/1,พม่า,M1,2
โรงเรียนบัวแก้วเกษร,2564/1,พม่า,M2,1
โรงเรียนบัวแก้วเกษร,2564/1,พม่า,M3,1
โรงเรียนบัวแก้วเกษร,2564/1,พม่า,M4,0
โรงเรียนบัวแก้วเกษร,2564/1,พม่า,M5,0
โรงเรียนบัวแก้วเกษร,2564/1,พม่า,M6,0
โรงเรียนบัวแก้วเกษร,2564/1,ไทย,P1,0
โรงเรียนบัวแก้วเกษร,2564/1,ไทย,P2,0
โรงเรียนบัวแก้วเกษร,2564/1,ไทย,P3,0
โรงเรียนบัวแก้วเกษร,2564/1,ไทย,P4,0
โรงเรียนบัวแก้วเกษร,2564/1,ไทย,P5,0
โรงเรียนบัวแก้วเกษร,2564/1,ไทย,P6,0
โรงเรียนบัวแก้วเกษร,2564/1,ไทย,M1,237
โรงเรียนบัวแก้วเกษร,2564/1,ไทย,M2,208
โรงเรียนบัวแก้วเกษร,2564/1,ไทย,M3,231
โรงเรียนบัวแก้วเกษร,2564/1,ไทย,M4,119
โรงเรียนบัวแก้วเกษร,2564/1,ไทย,M5,104
โรงเรียนบัวแก้วเกษร,2564/1,ไทย,M6,69
โรงเรียนวรราชาทินัดดามาตุวิทยา,2564/1,อื่นๆ,P1,0
โรงเรียนวรราชาทินัดดามาตุวิทยา,2564/1,อื่นๆ,P2,0
โรงเรียนวรราชาทินัดดามาตุวิทยา,2564/1,อื่นๆ,P3,0
โรงเรียนวรราชาทินัดดามาตุวิทยา,2564/1,อื่นๆ,P4,0
โรงเรียนวรราชาทินัดดามาตุวิทยา,2564/1,อื่นๆ,P5,0
โรงเรียนวรราชาทินัดดามาตุวิทยา,2564/1,อื่นๆ,P6,0
โรงเรียนวรราชาทินัดดามาตุวิทยา,2564/1,อื่นๆ,M1,1
โรงเรียนวรราชาทินัดดามาตุวิทยา,2564/1,อื่นๆ,M2,0
โรงเรียนวรราชาทินัดดามาตุวิทยา,2564/1,อื่นๆ,M3,0
โรงเรียนวรราชาทินัดดามาตุวิทยา,2564/1,อื่นๆ,M4,1
โรงเรียนวรราชาทินัดดามาตุวิทยา,2564/1,อื่นๆ,M5,0
โรงเรียนวรราชาทินัดดามาตุวิทยา,2564/1,อื่นๆ,M6,0
โรงเรียนวรราชาทินัดดามาตุวิทยา,2564/1,ลาว,P1,0
โรงเรียนวรราชาทินัดดามาตุวิทยา,2564/1,ลาว,P2,2
โรงเรียนวรราชาทินัดดามาตุวิทยา,2564/1,ลาว,P3,0
โรงเรียนวรราชาทินัดดามาตุวิทยา,2564/1,ลาว,P4,0
โรงเรียนวรราชาทินัดดามาตุวิทยา,2564/1,ลาว,P5,0
โรงเรียนวรราชาทินัดดามาตุวิทยา,2564/1,ลาว,P6,0
โรงเรียนวรราชาทินัดดามาตุวิทยา,2564/1,ลาว,M1,0
โรงเรียนวรราชาทินัดดามาตุวิทยา,2564/1,ลาว,M2,0
โรงเรียนวรราชาทินัดดามาตุวิทยา,2564/1,ลาว,M3,0
โรงเรียนวรราชาทินัดดามาตุวิทยา,2564/1,ลาว,M4,0
โรงเรียนวรราชาทินัดดามาตุวิทยา,2564/1,ลาว,M5,0
โรงเรียนวรราชาทินัดดามาตุวิทยา,2564/1,ลาว,M6,0
โรงเรียนวรราชาทินัดดามาตุวิทยา,2564/1,พม่า,P1,0
โรงเรียนวรราชาทินัดดามาตุวิทยา,2564/1,พม่า,P2,1
โรงเรียนวรราชาทินัดดามาตุวิทยา,2564/1,พม่า,P3,0
โรงเรียนวรราชาทินัดดามาตุวิทยา,2564/1,พม่า,P4,0
โรงเรียนวรราชาทินัดดามาตุวิทยา,2564/1,พม่า,P5,0
โรงเรียนวรราชาทินัดดามาตุวิทยา,2564/1,พม่า,P6,0
โรงเรียนวรราชาทินัดดามาตุวิทยา,2564/1,พม่า,M1,0
โรงเรียนวรราชาทินัดดามาตุวิทยา,2564/1,พม่า,M2,0
โรงเรียนวรราชาทินัดดามาตุวิทยา,2564/1,พม่า,M3,0
โรงเรียนวรราชาทินัดดามาตุวิทยา,2564/1,พม่า,M4,0
โรงเรียนวรราชาทินัดดามาตุวิทยา,2564/1,พม่า,M5,0
โรงเรียนวรราชาทินัดดามาตุวิทยา,2564/1,พม่า,M6,0
โรงเรียนวรราชาทินัดดามาตุวิทยา,2564/1,ไทย,P1,82
โรงเรียนวรราชาทินัดดามาตุวิทยา,2564/1,ไทย,P2,104
โรงเรียนวรราชาทินัดดามาตุวิทยา,2564/1,ไทย,P3,91
โรงเรียนวรราชาทินัดดามาตุวิทยา,2564/1,ไทย,P4,87
โรงเรียนวรราชาทินัดดามาตุวิทยา,2564/1,ไทย,P5,73
โรงเรียนวรราชาทินัดดามาตุวิทยา,2564/1,ไทย,P6,85
โรงเรียนวรราชาทินัดดามาตุวิทยา,2564/1,ไทย,M1,347
โรงเรียนวรราชาทินัดดามาตุวิทยา,2564/1,ไทย,M2,349
โรงเรียนวรราชาทินัดดามาตุวิทยา,2564/1,ไทย,M3,335
โรงเรียนวรราชาทินัดดามาตุวิทยา,2564/1,ไทย,M4,220
โรงเรียนวรราชาทินัดดามาตุวิทยา,2564/1,ไทย,M5,197
โรงเรียนวรราชาทินัดดามาตุวิทยา,2564/1,ไทย,M6,172
โรงเรียนวรราชาทินัดดามาตุวิทยา,2564/1,กัมพูชา,P1,0
โรงเรียนวรราชาทินัดดามาตุวิทยา,2564/1,กัมพูชา,P2,0
โรงเรียนวรราชาทินัดดามาตุวิทยา,2564/1,กัมพูชา,P3,0
โรงเรียนวรราชาทินัดดามาตุวิทยา,2564/1,กัมพูชา,P4,2
โรงเรียนวรราชาทินัดดามาตุวิทยา,2564/1,กัมพูชา,P5,0
โรงเรียนวรราชาทินัดดามาตุวิทยา,2564/1,กัมพูชา,P6,0
โรงเรียนวรราชาทินัดดามาตุวิทยา,2564/1,กัมพูชา,M1,1
โรงเรียนวรราชาทินัดดามาตุวิทยา,2564/1,กัมพูชา,M2,0
โรงเรียนวรราชาทินัดดามาตุวิทยา,2564/1,กัมพูชา,M3,0
โรงเรียนวรราชาทินัดดามาตุวิทยา,2564/1,กัมพูชา,M4,0
โรงเรียนวรราชาทินัดดามาตุวิทยา,2564/1,กัมพูชา,M5,0
โรงเรียนวรราชาทินัดดามาตุวิทยา,2564/1,กัมพูชา,M6,0
โรงเรียนสุนทโรเมตตาประชาสรรค์,2564/1,ลาว,P1,0
โรงเรียนสุนทโรเมตตาประชาสรรค์,2564/1,ลาว,P2,0
โรงเรียนสุนทโรเมตตาประชาสรรค์,2564/1,ลาว,P3,0
โรงเรียนสุนทโรเมตตาประชาสรรค์,2564/1,ลาว,P4,0
โรงเรียนสุนทโรเมตตาประชาสรรค์,2564/1,ลาว,P5,0
โรงเรียนสุนทโรเมตตาประชาสรรค์,2564/1,ลาว,P6,0
โรงเรียนสุนทโรเมตตาประชาสรรค์,2564/1,ลาว,M1,0
โรงเรียนสุนทโรเมตตาประชาสรรค์,2564/1,ลาว,M2,1
โรงเรียนสุนทโรเมตตาประชาสรรค์,2564/1,ลาว,M3,0
โรงเรียนสุนทโรเมตตาประชาสรรค์,2564/1,ลาว,M4,0
โรงเรียนสุนทโรเมตตาประชาสรรค์,2564/1,ลาว,M5,0
โรงเรียนสุนทโรเมตตาประชาสรรค์,2564/1,ลาว,M6,0
โรงเรียนสุนทโรเมตตาประชาสรรค์,2564/1,พม่า,P1,0
โรงเรียนสุนทโรเมตตาประชาสรรค์,2564/1,พม่า,P2,0
โรงเรียนสุนทโรเมตตาประชาสรรค์,2564/1,พม่า,P3,0
โรงเรียนสุนทโรเมตตาประชาสรรค์,2564/1,พม่า,P4,0
โรงเรียนสุนทโรเมตตาประชาสรรค์,2564/1,พม่า,P5,0
โรงเรียนสุนทโรเมตตาประชาสรรค์,2564/1,พม่า,P6,0
โรงเรียนสุนทโรเมตตาประชาสรรค์,2564/1,พม่า,M1,0
โรงเรียนสุนทโรเมตตาประชาสรรค์,2564/1,พม่า,M2,0
โรงเรียนสุนทโรเมตตาประชาสรรค์,2564/1,พม่า,M3,0
โรงเรียนสุนทโรเมตตาประชาสรรค์,2564/1,พม่า,M4,1
โรงเรียนสุนทโรเมตตาประชาสรรค์,2564/1,พม่า,M5,0
โรงเรียนสุนทโรเมตตาประชาสรรค์,2564/1,พม่า,M6,0
โรงเรียนสุนทโรเมตตาประชาสรรค์,2564/1,ไทย,P1,0
โรงเรียนสุนทโรเมตตาประชาสรรค์,2564/1,ไทย,P2,0
โรงเรียนสุนทโรเมตตาประชาสรรค์,2564/1,ไทย,P3,0
โรงเรียนสุนทโรเมตตาประชาสรรค์,2564/1,ไทย,P4,0
โรงเรียนสุนทโรเมตตาประชาสรรค์,2564/1,ไทย,P5,0
โรงเรียนสุนทโรเมตตาประชาสรรค์,2564/1,ไทย,P6,0
โรงเรียนสุนทโรเมตตาประชาสรรค์,2564/1,ไทย,M1,33
โรงเรียนสุนทโรเมตตาประชาสรรค์,2564/1,ไทย,M2,25
โรงเรียนสุนทโรเมตตาประชาสรรค์,2564/1,ไทย,M3,18
โรงเรียนสุนทโรเมตตาประชาสรรค์,2564/1,ไทย,M4,19
โรงเรียนสุนทโรเมตตาประชาสรรค์,2564/1,ไทย,M5,24
โรงเรียนสุนทโรเมตตาประชาสรรค์,2564/1,ไทย,M6,20
โรงเรียนวิทยาศาสตร์จุฬาภรณราชวิทยาลัย ปทุมธานี,2564/1,ไม่ปรากฎสัญชาติ,P1,0
โรงเรียนวิทยาศาสตร์จุฬาภรณราชวิทยาลัย ปทุมธานี,2564/1,ไม่ปรากฎสัญชาติ,P2,0
โรงเรียนวิทยาศาสตร์จุฬาภรณราชวิทยาลัย ปทุมธานี,2564/1,ไม่ปรากฎสัญชาติ,P3,0
โรงเรียนวิทยาศาสตร์จุฬาภรณราชวิทยาลัย ปทุมธานี,2564/1,ไม่ปรากฎสัญชาติ,P4,0
โรงเรียนวิทยาศาสตร์จุฬาภรณราชวิทยาลัย ปทุมธานี,2564/1,ไม่ปรากฎสัญชาติ,P5,0
โรงเรียนวิทยาศาสตร์จุฬาภรณราชวิทยาลัย ปทุมธานี,2564/1,ไม่ปรากฎสัญชาติ,P6,0
โรงเรียนวิทยาศาสตร์จุฬาภรณราชวิทยาลัย ปทุมธานี,2564/1,ไม่ปรากฎสัญชาติ,M1,1
โรงเรียนวิทยาศาสตร์จุฬาภรณราชวิทยาลัย ปทุมธานี,2564/1,ไม่ปรากฎสัญชาติ,M2,0
โรงเรียนวิทยาศาสตร์จุฬาภรณราชวิทยาลัย ปทุมธานี,2564/1,ไม่ปรากฎสัญชาติ,M3,0
โรงเรียนวิทยาศาสตร์จุฬาภรณราชวิทยาลัย ปทุมธานี,2564/1,ไม่ปรากฎสัญชาติ,M4,0
โรงเรียนวิทยาศาสตร์จุฬาภรณราชวิทยาลัย ปทุมธานี,2564/1,ไม่ปรากฎสัญชาติ,M5,0
โรงเรียนวิทยาศาสตร์จุฬาภรณราชวิทยาลัย ปทุมธานี,2564/1,ไม่ปรากฎสัญชาติ,M6,0
โรงเรียนวิทยาศาสตร์จุฬาภรณราชวิทยาลัย ปทุมธานี,2564/1,ไทย,P1,0
โรงเรียนวิทยาศาสตร์จุฬาภรณราชวิทยาลัย ปทุมธานี,2564/1,ไทย,P2,0
โรงเรียนวิทยาศาสตร์จุฬาภรณราชวิทยาลัย ปทุมธานี,2564/1,ไทย,P3,0
โรงเรียนวิทยาศาสตร์จุฬาภรณราชวิทยาลัย ปทุมธานี,2564/1,ไทย,P4,0
โรงเรียนวิทยาศาสตร์จุฬาภรณราชวิทยาลัย ปทุมธานี,2564/1,ไทย,P5,0
โรงเรียนวิทยาศาสตร์จุฬาภรณราชวิทยาลัย ปทุมธานี,2564/1,ไทย,P6,0
โรงเรียนวิทยาศาสตร์จุฬาภรณราชวิทยาลัย ปทุมธานี,2564/1,ไทย,M1,95
โรงเรียนวิทยาศาสตร์จุฬาภรณราชวิทยาลัย ปทุมธานี,2564/1,ไทย,M2,96
โรงเรียนวิทยาศาสตร์จุฬาภรณราชวิทยาลัย ปทุมธานี,2564/1,ไทย,M3,96
โรงเรียนวิทยาศาสตร์จุฬาภรณราชวิทยาลัย ปทุมธานี,2564/1,ไทย,M4,144
โรงเรียนวิทยาศาสตร์จุฬาภรณราชวิทยาลัย ปทุมธานี,2564/1,ไทย,M5,144
โรงเรียนวิทยาศาสตร์จุฬาภรณราชวิทยาลัย ปทุมธานี,2564/1,ไทย,M6,144
โรงเรียนวิทยาศาสตร์จุฬาภรณราชวิทยาลัย ปทุมธานี,2564/1,จีน,P1,0
โรงเรียนวิทยาศาสตร์จุฬาภรณราชวิทยาลัย ปทุมธานี,2564/1,จีน,P2,0
โรงเรียนวิทยาศาสตร์จุฬาภรณราชวิทยาลัย ปทุมธานี,2564/1,จีน,P3,0
โรงเรียนวิทยาศาสตร์จุฬาภรณราชวิทยาลัย ปทุมธานี,2564/1,จีน,P4,0
โรงเรียนวิทยาศาสตร์จุฬาภรณราชวิทยาลัย ปทุมธานี,2564/1,จีน,P5,0
โรงเรียนวิทยาศาสตร์จุฬาภรณราชวิทยาลัย ปทุมธานี,2564/1,จีน,P6,0
โรงเรียนวิทยาศาสตร์จุฬาภรณราชวิทยาลัย ปทุมธานี,2564/1,จีน,M1,0
โรงเรียนวิทยาศาสตร์จุฬาภรณราชวิทยาลัย ปทุมธานี,2564/1,จีน,M2,0
โรงเรียนวิทยาศาสตร์จุฬาภรณราชวิทยาลัย ปทุมธานี,2564/1,จีน,M3,0
โรงเรียนวิทยาศาสตร์จุฬาภรณราชวิทยาลัย ปทุมธานี,2564/1,จีน,M4,0
โรงเรียนวิทยาศาสตร์จุฬาภรณราชวิทยาลัย ปทุมธานี,2564/1,จีน,M5,1
โรงเรียนวิทยาศาสตร์จุฬาภรณราชวิทยาลัย ปทุมธานี,2564/1,จีน,M6,1
โรงเรียนชัยสิทธาวาส ,2564/1,ไม่ปรากฎสัญชาติ,P1,0
โรงเรียนชัยสิทธาวาส ,2564/1,ไม่ปรากฎสัญชาติ,P2,0
โรงเรียนชัยสิทธาวาส ,2564/1,ไม่ปรากฎสัญชาติ,P3,0
โรงเรียนชัยสิทธาวาส ,2564/1,ไม่ปรากฎสัญชาติ,P4,0
โรงเรียนชัยสิทธาวาส ,2564/1,ไม่ปรากฎสัญชาติ,P5,0
โรงเรียนชัยสิทธาวาส ,2564/1,ไม่ปรากฎสัญชาติ,P6,0
โรงเรียนชัยสิทธาวาส ,2564/1,ไม่ปรากฎสัญชาติ,M1,1
โรงเรียนชัยสิทธาวาส ,2564/1,ไม่ปรากฎสัญชาติ,M2,0
โรงเรียนชัยสิทธาวาส ,2564/1,ไม่ปรากฎสัญชาติ,M3,0
โรงเรียนชัยสิทธาวาส ,2564/1,ไม่ปรากฎสัญชาติ,M4,0
โรงเรียนชัยสิทธาวาส ,2564/1,ไม่ปรากฎสัญชาติ,M5,0
โรงเรียนชัยสิทธาวาส ,2564/1,ไม่ปรากฎสัญชาติ,M6,0
โรงเรียนชัยสิทธาวาส ,2564/1,พม่า,P1,0
โรงเรียนชัยสิทธาวาส ,2564/1,พม่า,P2,0
โรงเรียนชัยสิทธาวาส ,2564/1,พม่า,P3,0
โรงเรียนชัยสิทธาวาส ,2564/1,พม่า,P4,0
โรงเรียนชัยสิทธาวาส ,2564/1,พม่า,P5,0
โรงเรียนชัยสิทธาวาส ,2564/1,พม่า,P6,0
โรงเรียนชัยสิทธาวาส ,2564/1,พม่า,M1,1
โรงเรียนชัยสิทธาวาส ,2564/1,พม่า,M2,0
โรงเรียนชัยสิทธาวาส ,2564/1,พม่า,M3,0
โรงเรียนชัยสิทธาวาส ,2564/1,พม่า,M4,0
โรงเรียนชัยสิทธาวาส ,2564/1,พม่า,M5,0
โรงเรียนชัยสิทธาวาส ,2564/1,พม่า,M6,0
โรงเรียนชัยสิทธาวาส ,2564/1,ไทย,P1,0
โรงเรียนชัยสิทธาวาส ,2564/1,ไทย,P2,0
โรงเรียนชัยสิทธาวาส ,2564/1,ไทย,P3,0
โรงเรียนชัยสิทธาวาส ,2564/1,ไทย,P4,0
โรงเรียนชัยสิทธาวาส ,2564/1,ไทย,P5,0
โรงเรียนชัยสิทธาวาส ,2564/1,ไทย,P6,0
โรงเรียนชัยสิทธาวาส ,2564/1,ไทย,M1,72
โรงเรียนชัยสิทธาวาส ,2564/1,ไทย,M2,49
โรงเรียนชัยสิทธาวาส ,2564/1,ไทย,M3,58
โรงเรียนชัยสิทธาวาส ,2564/1,ไทย,M4,31
โรงเรียนชัยสิทธาวาส ,2564/1,ไทย,M5,30
โรงเรียนชัยสิทธาวาส ,2564/1,ไทย,M6,35
โรงเรียนชัยสิทธาวาส ,2564/1,กัมพูชา,P1,0
โรงเรียนชัยสิทธาวาส ,2564/1,กัมพูชา,P2,0
โรงเรียนชัยสิทธาวาส ,2564/1,กัมพูชา,P3,0
โรงเรียนชัยสิทธาวาส ,2564/1,กัมพูชา,P4,0
โรงเรียนชัยสิทธาวาส ,2564/1,กัมพูชา,P5,0
โรงเรียนชัยสิทธาวาส ,2564/1,กัมพูชา,P6,0
โรงเรียนชัยสิทธาวาส ,2564/1,กัมพูชา,M1,1
โรงเรียนชัยสิทธาวาส ,2564/1,กัมพูชา,M2,0
โรงเรียนชัยสิทธาวาส ,2564/1,กัมพูชา,M3,0
โรงเรียนชัยสิทธาวาส ,2564/1,กัมพูชา,M4,0
โรงเรียนชัยสิทธาวาส ,2564/1,กัมพูชา,M5,0
โรงเรียนชัยสิทธาวาส ,2564/1,กัมพูชา,M6,0
โรงเรียนเตรียมอุดมศึกษาน้อมเกล้า ปทุมธานี,2564/1,พม่า,P1,0
โรงเรียนเตรียมอุดมศึกษาน้อมเกล้า ปทุมธานี,2564/1,พม่า,P2,0
โรงเรียนเตรียมอุดมศึกษาน้อมเกล้า ปทุมธานี,2564/1,พม่า,P3,0
โรงเรียนเตรียมอุดมศึกษาน้อมเกล้า ปทุมธานี,2564/1,พม่า,P4,0
โรงเรียนเตรียมอุดมศึกษาน้อมเกล้า ปทุมธานี,2564/1,พม่า,P5,0
โรงเรียนเตรียมอุดมศึกษาน้อมเกล้า ปทุมธานี,2564/1,พม่า,P6,0
โรงเรียนเตรียมอุดมศึกษาน้อมเกล้า ปทุมธานี,2564/1,พม่า,M1,3
โรงเรียนเตรียมอุดมศึกษาน้อมเกล้า ปทุมธานี,2564/1,พม่า,M2,0
โรงเรียนเตรียมอุดมศึกษาน้อมเกล้า ปทุมธานี,2564/1,พม่า,M3,1
โรงเรียนเตรียมอุดมศึกษาน้อมเกล้า ปทุมธานี,2564/1,พม่า,M4,0
โรงเรียนเตรียมอุดมศึกษาน้อมเกล้า ปทุมธานี,2564/1,พม่า,M5,0
โรงเรียนเตรียมอุดมศึกษาน้อมเกล้า ปทุมธานี,2564/1,พม่า,M6,0
โรงเรียนเตรียมอุดมศึกษาน้อมเกล้า ปทุมธานี,2564/1,ไทย,P1,0
โรงเรียนเตรียมอุดมศึกษาน้อมเกล้า ปทุมธานี,2564/1,ไทย,P2,0
โรงเรียนเตรียมอุดมศึกษาน้อมเกล้า ปทุมธานี,2564/1,ไทย,P3,0
โรงเรียนเตรียมอุดมศึกษาน้อมเกล้า ปทุมธานี,2564/1,ไทย,P4,0
โรงเรียนเตรียมอุดมศึกษาน้อมเกล้า ปทุมธานี,2564/1,ไทย,P5,0
โรงเรียนเตรียมอุดมศึกษาน้อมเกล้า ปทุมธานี,2564/1,ไทย,P6,0
โรงเรียนเตรียมอุดมศึกษาน้อมเกล้า ปทุมธานี,2564/1,ไทย,M1,199
โรงเรียนเตรียมอุดมศึกษาน้อมเกล้า ปทุมธานี,2564/1,ไทย,M2,138
โรงเรียนเตรียมอุดมศึกษาน้อมเกล้า ปทุมธานี,2564/1,ไทย,M3,201
โรงเรียนเตรียมอุดมศึกษาน้อมเกล้า ปทุมธานี,2564/1,ไทย,M4,261
โรงเรียนเตรียมอุดมศึกษาน้อมเกล้า ปทุมธานี,2564/1,ไทย,M5,191
โรงเรียนเตรียมอุดมศึกษาน้อมเกล้า ปทุมธานี,2564/1,ไทย,M6,175
โรงเรียนเตรียมอุดมศึกษาน้อมเกล้า ปทุมธานี,2564/1,กัมพูชา,P1,0
โรงเรียนเตรียมอุดมศึกษาน้อมเกล้า ปทุมธานี,2564/1,กัมพูชา,P2,0
โรงเรียนเตรียมอุดมศึกษาน้อมเกล้า ปทุมธานี,2564/1,กัมพูชา,P3,0
โรงเรียนเตรียมอุดมศึกษาน้อมเกล้า ปทุมธานี,2564/1,กัมพูชา,P4,0
โรงเรียนเตรียมอุดมศึกษาน้อมเกล้า ปทุมธานี,2564/1,กัมพูชา,P5,0
โรงเรียนเตรียมอุดมศึกษาน้อมเกล้า ปทุมธานี,2564/1,กัมพูชา,P6,0
โรงเรียนเตรียมอุดมศึกษาน้อมเกล้า ปทุมธานี,2564/1,กัมพูชา,M1,0
โรงเรียนเตรียมอุดมศึกษาน้อมเกล้า ปทุมธานี,2564/1,กัมพูชา,M2,0
โรงเรียนเตรียมอุดมศึกษาน้อมเกล้า ปทุมธานี,2564/1,กัมพูชา,M3,0
โรงเรียนเตรียมอุดมศึกษาน้อมเกล้า ปทุมธานี,2564/1,กัมพูชา,M4,0
โรงเรียนเตรียมอุดมศึกษาน้อมเกล้า ปทุมธานี,2564/1,กัมพูชา,M5,1
โรงเรียนเตรียมอุดมศึกษาน้อมเกล้า ปทุมธานี,2564/1,กัมพูชา,M6,0
โรงเรียนเฉลิมพระเกียรติ 60 พรรษา,2564/1,ไทย,P1,0
โรงเรียนเฉลิมพระเกียรติ 60 พรรษา,2564/1,ไทย,P2,0
โรงเรียนเฉลิมพระเกียรติ 60 พรรษา,2564/1,ไทย,P3,0
โรงเรียนเฉลิมพระเกียรติ 60 พรรษา,2564/1,ไทย,P4,0
โรงเรียนเฉลิมพระเกียรติ 60 พรรษา,2564/1,ไทย,P5,0
โรงเรียนเฉลิมพระเกียรติ 60 พรรษา,2564/1,ไทย,P6,0
โรงเรียนเฉลิมพระเกียรติ 60 พรรษา,2564/1,ไทย,M1,44
โรงเรียนเฉลิมพระเกียรติ 60 พรรษา,2564/1,ไทย,M2,44
โรงเรียนเฉลิมพระเกียรติ 60 พรรษา,2564/1,ไทย,M3,45
โรงเรียนเฉลิมพระเกียรติ 60 พรรษา,2564/1,ไทย,M4,43
โรงเรียนเฉลิมพระเกียรติ 60 พรรษา,2564/1,ไทย,M5,45
โรงเรียนเฉลิมพระเกียรติ 60 พรรษา,2564/1,ไทย,M6,46
โรงเรียนเฉลิมพระเกียรติ 60 พรรษา,2564/1,กัมพูชา,P1,0
โรงเรียนเฉลิมพระเกียรติ 60 พรรษา,2564/1,กัมพูชา,P2,0
โรงเรียนเฉลิมพระเกียรติ 60 พรรษา,2564/1,กัมพูชา,P3,0
โรงเรียนเฉลิมพระเกียรติ 60 พรรษา,2564/1,กัมพูชา,P4,0
โรงเรียนเฉลิมพระเกียรติ 60 พรรษา,2564/1,กัมพูชา,P5,0
โรงเรียนเฉลิมพระเกียรติ 60 พรรษา,2564/1,กัมพูชา,P6,0
โรงเรียนเฉลิมพระเกียรติ 60 พรรษา,2564/1,กัมพูชา,M1,0
โรงเรียนเฉลิมพระเกียรติ 60 พรรษา,2564/1,กัมพูชา,M2,1
โรงเรียนเฉลิมพระเกียรติ 60 พรรษา,2564/1,กัมพูชา,M3,0
โรงเรียนเฉลิมพระเกียรติ 60 พรรษา,2564/1,กัมพูชา,M4,0
โรงเรียนเฉลิมพระเกียรติ 60 พรรษา,2564/1,กัมพูชา,M5,0
โรงเรียนเฉลิมพระเกียรติ 60 พรรษา,2564/1,กัมพูชา,M6,0
โรงเรียนธัญรัตน์,2564/1,อื่นๆ,P1,0
โรงเรียนธัญรัตน์,2564/1,อื่นๆ,P2,0
โรงเรียนธัญรัตน์,2564/1,อื่นๆ,P3,0
โรงเรียนธัญรัตน์,2564/1,อื่นๆ,P4,0
โรงเรียนธัญรัตน์,2564/1,อื่นๆ,P5,0
โรงเรียนธัญรัตน์,2564/1,อื่นๆ,P6,0
โรงเรียนธัญรัตน์,2564/1,อื่นๆ,M1,0
โรงเรียนธัญรัตน์,2564/1,อื่นๆ,M2,0
โรงเรียนธัญรัตน์,2564/1,อื่นๆ,M3,1
โรงเรียนธัญรัตน์,2564/1,อื่นๆ,M4,0
โรงเรียนธัญรัตน์,2564/1,อื่นๆ,M5,0
โรงเรียนธัญรัตน์,2564/1,อื่นๆ,M6,0
โรงเรียนธัญรัตน์,2564/1,ไทย,P1,0
โรงเรียนธัญรัตน์,2564/1,ไทย,P2,0
โรงเรียนธัญรัตน์,2564/1,ไทย,P3,0
โรงเรียนธัญรัตน์,2564/1,ไทย,P4,0
โรงเรียนธัญรัตน์,2564/1,ไทย,P5,0
โรงเรียนธัญรัตน์,2564/1,ไทย,P6,0
โรงเรียนธัญรัตน์,2564/1,ไทย,M1,591
โรงเรียนธัญรัตน์,2564/1,ไทย,M2,650
โรงเรียนธัญรัตน์,2564/1,ไทย,M3,626
โรงเรียนธัญรัตน์,2564/1,ไทย,M4,546
โรงเรียนธัญรัตน์,2564/1,ไทย,M5,536
โรงเรียนธัญรัตน์,2564/1,ไทย,M6,497
โรงเรียนสายปัญญารังสิต,2564/1,อื่นๆ,P1,0
โรงเรียนสายปัญญารังสิต,2564/1,อื่นๆ,P2,0
โรงเรียนสายปัญญารังสิต,2564/1,อื่นๆ,P3,0
โรงเรียนสายปัญญารังสิต,2564/1,อื่นๆ,P4,0
โรงเรียนสายปัญญารังสิต,2564/1,อื่นๆ,P5,0
โรงเรียนสายปัญญารังสิต,2564/1,อื่นๆ,P6,0
โรงเรียนสายปัญญารังสิต,2564/1,อื่นๆ,M1,1
โรงเรียนสายปัญญารังสิต,2564/1,อื่นๆ,M2,1
โรงเรียนสายปัญญารังสิต,2564/1,อื่นๆ,M3,0
โรงเรียนสายปัญญารังสิต,2564/1,อื่นๆ,M4,0
โรงเรียนสายปัญญารังสิต,2564/1,อื่นๆ,M5,0
โรงเรียนสายปัญญารังสิต,2564/1,อื่นๆ,M6,0
โรงเรียนสายปัญญารังสิต,2564/1,ไม่ปรากฎสัญชาติ,P1,0
โรงเรียนสายปัญญารังสิต,2564/1,ไม่ปรากฎสัญชาติ,P2,0
โรงเรียนสายปัญญารังสิต,2564/1,ไม่ปรากฎสัญชาติ,P3,0
โรงเรียนสายปัญญารังสิต,2564/1,ไม่ปรากฎสัญชาติ,P4,0
โรงเรียนสายปัญญารังสิต,2564/1,ไม่ปรากฎสัญชาติ,P5,0
โรงเรียนสายปัญญารังสิต,2564/1,ไม่ปรากฎสัญชาติ,P6,0
โรงเรียนสายปัญญารังสิต,2564/1,ไม่ปรากฎสัญชาติ,M1,0
โรงเรียนสายปัญญารังสิต,2564/1,ไม่ปรากฎสัญชาติ,M2,1
โรงเรียนสายปัญญารังสิต,2564/1,ไม่ปรากฎสัญชาติ,M3,0
โรงเรียนสายปัญญารังสิต,2564/1,ไม่ปรากฎสัญชาติ,M4,0
โรงเรียนสายปัญญารังสิต,2564/1,ไม่ปรากฎสัญชาติ,M5,0
โรงเรียนสายปัญญารังสิต,2564/1,ไม่ปรากฎสัญชาติ,M6,0
โรงเรียนสายปัญญารังสิต,2564/1,ฟิลิปปิน,P1,0
โรงเรียนสายปัญญารังสิต,2564/1,ฟิลิปปิน,P2,0
โรงเรียนสายปัญญารังสิต,2564/1,ฟิลิปปิน,P3,0
โรงเรียนสายปัญญารังสิต,2564/1,ฟิลิปปิน,P4,0
โรงเรียนสายปัญญารังสิต,2564/1,ฟิลิปปิน,P5,0
โรงเรียนสายปัญญารังสิต,2564/1,ฟิลิปปิน,P6,0
โรงเรียนสายปัญญารังสิต,2564/1,ฟิลิปปิน,M1,1
โรงเรียนสายปัญญารังสิต,2564/1,ฟิลิปปิน,M2,0
โรงเรียนสายปัญญารังสิต,2564/1,ฟิลิปปิน,M3,0
โรงเรียนสายปัญญารังสิต,2564/1,ฟิลิปปิน,M4,0
โรงเรียนสายปัญญารังสิต,2564/1,ฟิลิปปิน,M5,0
โรงเรียนสายปัญญารังสิต,2564/1,ฟิลิปปิน,M6,0
โรงเรียนสายปัญญารังสิต,2564/1,พม่า,P1,0
โรงเรียนสายปัญญารังสิต,2564/1,พม่า,P2,0
โรงเรียนสายปัญญารังสิต,2564/1,พม่า,P3,0
โรงเรียนสายปัญญารังสิต,2564/1,พม่า,P4,0
โรงเรียนสายปัญญารังสิต,2564/1,พม่า,P5,0
โรงเรียนสายปัญญารังสิต,2564/1,พม่า,P6,0
โรงเรียนสายปัญญารังสิต,2564/1,พม่า,M1,0
โรงเรียนสายปัญญารังสิต,2564/1,พม่า,M2,1
โรงเรียนสายปัญญารังสิต,2564/1,พม่า,M3,0
โรงเรียนสายปัญญารังสิต,2564/1,พม่า,M4,0
โรงเรียนสายปัญญารังสิต,2564/1,พม่า,M5,0
โรงเรียนสายปัญญารังสิต,2564/1,พม่า,M6,0
โรงเรียนสายปัญญารังสิต,2564/1,ไทย,P1,0
โรงเรียนสายปัญญารังสิต,2564/1,ไทย,P2,0
โรงเรียนสายปัญญารังสิต,2564/1,ไทย,P3,0
โรงเรียนสายปัญญารังสิต,2564/1,ไทย,P4,0
โรงเรียนสายปัญญารังสิต,2564/1,ไทย,P5,0
โรงเรียนสายปัญญารังสิต,2564/1,ไทย,P6,0
โรงเรียนสายปัญญารังสิต,2564/1,ไทย,M1,387
โรงเรียนสายปัญญารังสิต,2564/1,ไทย,M2,390
โรงเรียนสายปัญญารังสิต,2564/1,ไทย,M3,388
โรงเรียนสายปัญญารังสิต,2564/1,ไทย,M4,312
โรงเรียนสายปัญญารังสิต,2564/1,ไทย,M5,315
โรงเรียนสายปัญญารังสิต,2564/1,ไทย,M6,315
โรงเรียนสายปัญญารังสิต,2564/1,ญี่ปุ่น,P1,0
โรงเรียนสายปัญญารังสิต,2564/1,ญี่ปุ่น,P2,0
โรงเรียนสายปัญญารังสิต,2564/1,ญี่ปุ่น,P3,0
โรงเรียนสายปัญญารังสิต,2564/1,ญี่ปุ่น,P4,0
โรงเรียนสายปัญญารังสิต,2564/1,ญี่ปุ่น,P5,0
โรงเรียนสายปัญญารังสิต,2564/1,ญี่ปุ่น,P6,0
โรงเรียนสายปัญญารังสิต,2564/1,ญี่ปุ่น,M1,1
โรงเรียนสายปัญญารังสิต,2564/1,ญี่ปุ่น,M2,0
โรงเรียนสายปัญญารังสิต,2564/1,ญี่ปุ่น,M3,0
โรงเรียนสายปัญญารังสิต,2564/1,ญี่ปุ่น,M4,0
โรงเรียนสายปัญญารังสิต,2564/1,ญี่ปุ่น,M5,0
โรงเรียนสายปัญญารังสิต,2564/1,ญี่ปุ่น,M6,0
โรงเรียนสายปัญญารังสิต,2564/1,จีน,P1,0
โรงเรียนสายปัญญารังสิต,2564/1,จีน,P2,0
โรงเรียนสายปัญญารังสิต,2564/1,จีน,P3,0
โรงเรียนสายปัญญารังสิต,2564/1,จีน,P4,0
โรงเรียนสายปัญญารังสิต,2564/1,จีน,P5,0
โรงเรียนสายปัญญารังสิต,2564/1,จีน,P6,0
โรงเรียนสายปัญญารังสิต,2564/1,จีน,M1,0
โรงเรียนสายปัญญารังสิต,2564/1,จีน,M2,1
โรงเรียนสายปัญญารังสิต,2564/1,จีน,M3,1
โรงเรียนสายปัญญารังสิต,2564/1,จีน,M4,1
โรงเรียนสายปัญญารังสิต,2564/1,จีน,M5,0
โรงเรียนสายปัญญารังสิต,2564/1,จีน,M6,0
โรงเรียนสายปัญญารังสิต,2564/1,กัมพูชา,P1,0
โรงเรียนสายปัญญารังสิต,2564/1,กัมพูชา,P2,0
โรงเรียนสายปัญญารังสิต,2564/1,กัมพูชา,P3,0
โรงเรียนสายปัญญารังสิต,2564/1,กัมพูชา,P4,0
โรงเรียนสายปัญญารังสิต,2564/1,กัมพูชา,P5,0
โรงเรียนสายปัญญารังสิต,2564/1,กัมพูชา,P6,0
โรงเรียนสายปัญญารังสิต,2564/1,กัมพูชา,M1,1
โรงเรียนสายปัญญารังสิต,2564/1,กัมพูชา,M2,0
โรงเรียนสายปัญญารังสิต,2564/1,กัมพูชา,M3,1
โรงเรียนสายปัญญารังสิต,2564/1,กัมพูชา,M4,1
โรงเรียนสายปัญญารังสิต,2564/1,กัมพูชา,M5,2
โรงเรียนสายปัญญารังสิต,2564/1,กัมพูชา,M6,0
โรงเรียนธัญบุรี,2564/1,อื่นๆ,P1,0
โรงเรียนธัญบุรี,2564/1,อื่นๆ,P2,0
โรงเรียนธัญบุรี,2564/1,อื่นๆ,P3,0
โรงเรียนธัญบุรี,2564/1,อื่นๆ,P4,0
โรงเรียนธัญบุรี,2564/1,อื่นๆ,P5,0
โรงเรียนธัญบุรี,2564/1,อื่นๆ,P6,0
โรงเรียนธัญบุรี,2564/1,อื่นๆ,M1,2
โรงเรียนธัญบุรี,2564/1,อื่นๆ,M2,0
โรงเรียนธัญบุรี,2564/1,อื่นๆ,M3,0
โรงเรียนธัญบุรี,2564/1,อื่นๆ,M4,2
โรงเรียนธัญบุรี,2564/1,อื่นๆ,M5,0
โรงเรียนธัญบุรี,2564/1,อื่นๆ,M6,0
โรงเรียนธัญบุรี,2564/1,เวียดนาม,P1,0
โรงเรียนธัญบุรี,2564/1,เวียดนาม,P2,0
โรงเรียนธัญบุรี,2564/1,เวียดนาม,P3,0
โรงเรียนธัญบุรี,2564/1,เวียดนาม,P4,0
โรงเรียนธัญบุรี,2564/1,เวียดนาม,P5,0
โรงเรียนธัญบุรี,2564/1,เวียดนาม,P6,0
โรงเรียนธัญบุรี,2564/1,เวียดนาม,M1,2
โรงเรียนธัญบุรี,2564/1,เวียดนาม,M2,0
โรงเรียนธัญบุรี,2564/1,เวียดนาม,M3,1
โรงเรียนธัญบุรี,2564/1,เวียดนาม,M4,0
โรงเรียนธัญบุรี,2564/1,เวียดนาม,M5,0
โรงเรียนธัญบุรี,2564/1,เวียดนาม,M6,0
โรงเรียนธัญบุรี,2564/1,ไม่ปรากฎสัญชาติ,P1,0
โรงเรียนธัญบุรี,2564/1,ไม่ปรากฎสัญชาติ,P2,0
โรงเรียนธัญบุรี,2564/1,ไม่ปรากฎสัญชาติ,P3,0
โรงเรียนธัญบุรี,2564/1,ไม่ปรากฎสัญชาติ,P4,0
โรงเรียนธัญบุรี,2564/1,ไม่ปรากฎสัญชาติ,P5,0
โรงเรียนธัญบุรี,2564/1,ไม่ปรากฎสัญชาติ,P6,0
โรงเรียนธัญบุรี,2564/1,ไม่ปรากฎสัญชาติ,M1,0
โรงเรียนธัญบุรี,2564/1,ไม่ปรากฎสัญชาติ,M2,0
โรงเรียนธัญบุรี,2564/1,ไม่ปรากฎสัญชาติ,M3,0
โรงเรียนธัญบุรี,2564/1,ไม่ปรากฎสัญชาติ,M4,1
โรงเรียนธัญบุรี,2564/1,ไม่ปรากฎสัญชาติ,M5,0
โรงเรียนธัญบุรี,2564/1,ไม่ปรากฎสัญชาติ,M6,1
โรงเรียนธัญบุรี,2564/1,พม่า,P1,0
โรงเรียนธัญบุรี,2564/1,พม่า,P2,0
โรงเรียนธัญบุรี,2564/1,พม่า,P3,0
โรงเรียนธัญบุรี,2564/1,พม่า,P4,0
โรงเรียนธัญบุรี,2564/1,พม่า,P5,0
โรงเรียนธัญบุรี,2564/1,พม่า,P6,0
โรงเรียนธัญบุรี,2564/1,พม่า,M1,3
โรงเรียนธัญบุรี,2564/1,พม่า,M2,2
โรงเรียนธัญบุรี,2564/1,พม่า,M3,1
โรงเรียนธัญบุรี,2564/1,พม่า,M4,0
โรงเรียนธัญบุรี,2564/1,พม่า,M5,0
โรงเรียนธัญบุรี,2564/1,พม่า,M6,0
โรงเรียนธัญบุรี,2564/1,ไทย,P1,0
โรงเรียนธัญบุรี,2564/1,ไทย,P2,0
โรงเรียนธัญบุรี,2564/1,ไทย,P3,0
โรงเรียนธัญบุรี,2564/1,ไทย,P4,0
โรงเรียนธัญบุรี,2564/1,ไทย,P5,0
โรงเรียนธัญบุรี,2564/1,ไทย,P6,0
โรงเรียนธัญบุรี,2564/1,ไทย,M1,465
โรงเรียนธัญบุรี,2564/1,ไทย,M2,486
โรงเรียนธัญบุรี,2564/1,ไทย,M3,473
โรงเรียนธัญบุรี,2564/1,ไทย,M4,457
โรงเรียนธัญบุรี,2564/1,ไทย,M5,453
โรงเรียนธัญบุรี,2564/1,ไทย,M6,440
โรงเรียนธัญบุรี,2564/1,ญี่ปุ่น,P1,0
โรงเรียนธัญบุรี,2564/1,ญี่ปุ่น,P2,0
โรงเรียนธัญบุรี,2564/1,ญี่ปุ่น,P3,0
โรงเรียนธัญบุรี,2564/1,ญี่ปุ่น,P4,0
โรงเรียนธัญบุรี,2564/1,ญี่ปุ่น,P5,0
โรงเรียนธัญบุรี,2564/1,ญี่ปุ่น,P6,0
โรงเรียนธัญบุรี,2564/1,ญี่ปุ่น,M1,0
โรงเรียนธัญบุรี,2564/1,ญี่ปุ่น,M2,1
โรงเรียนธัญบุรี,2564/1,ญี่ปุ่น,M3,0
โรงเรียนธัญบุรี,2564/1,ญี่ปุ่น,M4,0
โรงเรียนธัญบุรี,2564/1,ญี่ปุ่น,M5,0
โรงเรียนธัญบุรี,2564/1,ญี่ปุ่น,M6,0
โรงเรียนธัญบุรี,2564/1,เกาหลีใต้,P1,0
โรงเรียนธัญบุรี,2564/1,เกาหลีใต้,P2,0
โรงเรียนธัญบุรี,2564/1,เกาหลีใต้,P3,0
โรงเรียนธัญบุรี,2564/1,เกาหลีใต้,P4,0
โรงเรียนธัญบุรี,2564/1,เกาหลีใต้,P5,0
โรงเรียนธัญบุรี,2564/1,เกาหลีใต้,P6,0
โรงเรียนธัญบุรี,2564/1,เกาหลีใต้,M1,0
โรงเรียนธัญบุรี,2564/1,เกาหลีใต้,M2,0
โรงเรียนธัญบุรี,2564/1,เกาหลีใต้,M3,0
โรงเรียนธัญบุรี,2564/1,เกาหลีใต้,M4,0
โรงเรียนธัญบุรี,2564/1,เกาหลีใต้,M5,0
โรงเรียนธัญบุรี,2564/1,เกาหลีใต้,M6,1
โรงเรียนธัญบุรี,2564/1,กัมพูชา,P1,0
โรงเรียนธัญบุรี,2564/1,กัมพูชา,P2,0
โรงเรียนธัญบุรี,2564/1,กัมพูชา,P3,0
โรงเรียนธัญบุรี,2564/1,กัมพูชา,P4,0
โรงเรียนธัญบุรี,2564/1,กัมพูชา,P5,0
โรงเรียนธัญบุรี,2564/1,กัมพูชา,P6,0
โรงเรียนธัญบุรี,2564/1,กัมพูชา,M1,1
โรงเรียนธัญบุรี,2564/1,กัมพูชา,M2,0
โรงเรียนธัญบุรี,2564/1,กัมพูชา,M3,0
โรงเรียนธัญบุรี,2564/1,กัมพูชา,M4,0
โรงเรียนธัญบุรี,2564/1,กัมพูชา,M5,0
โรงเรียนธัญบุรี,2564/1,กัมพูชา,M6,1
โรงเรียนหนองเสือวิทยาคม,2564/1,พม่า,P1,0
โรงเรียนหนองเสือวิทยาคม,2564/1,พม่า,P2,0
โรงเรียนหนองเสือวิทยาคม,2564/1,พม่า,P3,0
โรงเรียนหนองเสือวิทยาคม,2564/1,พม่า,P4,0
โรงเรียนหนองเสือวิทยาคม,2564/1,พม่า,P5,0
โรงเรียนหนองเสือวิทยาคม,2564/1,พม่า,P6,0
โรงเรียนหนองเสือวิทยาคม,2564/1,พม่า,M1,1
โรงเรียนหนองเสือวิทยาคม,2564/1,พม่า,M2,1
โรงเรียนหนองเสือวิทยาคม,2564/1,พม่า,M3,1
โรงเรียนหนองเสือวิทยาคม,2564/1,พม่า,M4,1
โรงเรียนหนองเสือวิทยาคม,2564/1,พม่า,M5,0
โรงเรียนหนองเสือวิทยาคม,2564/1,พม่า,M6,0
โรงเรียนหนองเสือวิทยาคม,2564/1,ไทย,P1,0
โรงเรียนหนองเสือวิทยาคม,2564/1,ไทย,P2,0
โรงเรียนหนองเสือวิทยาคม,2564/1,ไทย,P3,0
โรงเรียนหนองเสือวิทยาคม,2564/1,ไทย,P4,0
โรงเรียนหนองเสือวิทยาคม,2564/1,ไทย,P5,0
โรงเรียนหนองเสือวิทยาคม,2564/1,ไทย,P6,0
โรงเรียนหนองเสือวิทยาคม,2564/1,ไทย,M1,386
โรงเรียนหนองเสือวิทยาคม,2564/1,ไทย,M2,327
โรงเรียนหนองเสือวิทยาคม,2564/1,ไทย,M3,354
โรงเรียนหนองเสือวิทยาคม,2564/1,ไทย,M4,317
โรงเรียนหนองเสือวิทยาคม,2564/1,ไทย,M5,282
โรงเรียนหนองเสือวิทยาคม,2564/1,ไทย,M6,228
โรงเรียนหนองเสือวิทยาคม,2564/1,กัมพูชา,P1,0
โรงเรียนหนองเสือวิทยาคม,2564/1,กัมพูชา,P2,0
โรงเรียนหนองเสือวิทยาคม,2564/1,กัมพูชา,P3,0
โรงเรียนหนองเสือวิทยาคม,2564/1,กัมพูชา,P4,0
โรงเรียนหนองเสือวิทยาคม,2564/1,กัมพูชา,P5,0
โรงเรียนหนองเสือวิทยาคม,2564/1,กัมพูชา,P6,0
โรงเรียนหนองเสือวิทยาคม,2564/1,กัมพูชา,M1,2
โรงเรียนหนองเสือวิทยาคม,2564/1,กัมพูชา,M2,0
โรงเรียนหนองเสือวิทยาคม,2564/1,กัมพูชา,M3,1
โรงเรียนหนองเสือวิทยาคม,2564/1,กัมพูชา,M4,0
โรงเรียนหนองเสือวิทยาคม,2564/1,กัมพูชา,M5,1
โรงเรียนหนองเสือวิทยาคม,2564/1,กัมพูชา,M6,0
โรงเรียนเตรียมอุดมศึกษาพัฒนาการ ปทุมธานี,2564/1,อื่นๆ,P1,0
โรงเรียนเตรียมอุดมศึกษาพัฒนาการ ปทุมธานี,2564/1,อื่นๆ,P2,0
โรงเรียนเตรียมอุดมศึกษาพัฒนาการ ปทุมธานี,2564/1,อื่นๆ,P3,0
โรงเรียนเตรียมอุดมศึกษาพัฒนาการ ปทุมธานี,2564/1,อื่นๆ,P4,0
โรงเรียนเตรียมอุดมศึกษาพัฒนาการ ปทุมธานี,2564/1,อื่นๆ,P5,0
โรงเรียนเตรียมอุดมศึกษาพัฒนาการ ปทุมธานี,2564/1,อื่นๆ,P6,0
โรงเรียนเตรียมอุดมศึกษาพัฒนาการ ปทุมธานี,2564/1,อื่นๆ,M1,2
โรงเรียนเตรียมอุดมศึกษาพัฒนาการ ปทุมธานี,2564/1,อื่นๆ,M2,0
โรงเรียนเตรียมอุดมศึกษาพัฒนาการ ปทุมธานี,2564/1,อื่นๆ,M3,0
โรงเรียนเตรียมอุดมศึกษาพัฒนาการ ปทุมธานี,2564/1,อื่นๆ,M4,0
โรงเรียนเตรียมอุดมศึกษาพัฒนาการ ปทุมธานี,2564/1,อื่นๆ,M5,1
โรงเรียนเตรียมอุดมศึกษาพัฒนาการ ปทุมธานี,2564/1,อื่นๆ,M6,0
โรงเรียนเตรียมอุดมศึกษาพัฒนาการ ปทุมธานี,2564/1,ลาว,P1,0
โรงเรียนเตรียมอุดมศึกษาพัฒนาการ ปทุมธานี,2564/1,ลาว,P2,0
โรงเรียนเตรียมอุดมศึกษาพัฒนาการ ปทุมธานี,2564/1,ลาว,P3,0
โรงเรียนเตรียมอุดมศึกษาพัฒนาการ ปทุมธานี,2564/1,ลาว,P4,0
โรงเรียนเตรียมอุดมศึกษาพัฒนาการ ปทุมธานี,2564/1,ลาว,P5,0
โรงเรียนเตรียมอุดมศึกษาพัฒนาการ ปทุมธานี,2564/1,ลาว,P6,0
โรงเรียนเตรียมอุดมศึกษาพัฒนาการ ปทุมธานี,2564/1,ลาว,M1,1
โรงเรียนเตรียมอุดมศึกษาพัฒนาการ ปทุมธานี,2564/1,ลาว,M2,1
โรงเรียนเตรียมอุดมศึกษาพัฒนาการ ปทุมธานี,2564/1,ลาว,M3,0
โรงเรียนเตรียมอุดมศึกษาพัฒนาการ ปทุมธานี,2564/1,ลาว,M4,0
โรงเรียนเตรียมอุดมศึกษาพัฒนาการ ปทุมธานี,2564/1,ลาว,M5,0
โรงเรียนเตรียมอุดมศึกษาพัฒนาการ ปทุมธานี,2564/1,ลาว,M6,0
โรงเรียนเตรียมอุดมศึกษาพัฒนาการ ปทุมธานี,2564/1,ไม่ปรากฎสัญชาติ,P1,0
โรงเรียนเตรียมอุดมศึกษาพัฒนาการ ปทุมธานี,2564/1,ไม่ปรากฎสัญชาติ,P2,0
โรงเรียนเตรียมอุดมศึกษาพัฒนาการ ปทุมธานี,2564/1,ไม่ปรากฎสัญชาติ,P3,0
โรงเรียนเตรียมอุดมศึกษาพัฒนาการ ปทุมธานี,2564/1,ไม่ปรากฎสัญชาติ,P4,0
โรงเรียนเตรียมอุดมศึกษาพัฒนาการ ปทุมธานี,2564/1,ไม่ปรากฎสัญชาติ,P5,0
โรงเรียนเตรียมอุดมศึกษาพัฒนาการ ปทุมธานี,2564/1,ไม่ปรากฎสัญชาติ,P6,0
โรงเรียนเตรียมอุดมศึกษาพัฒนาการ ปทุมธานี,2564/1,ไม่ปรากฎสัญชาติ,M1,1
โรงเรียนเตรียมอุดมศึกษาพัฒนาการ ปทุมธานี,2564/1,ไม่ปรากฎสัญชาติ,M2,0
โรงเรียนเตรียมอุดมศึกษาพัฒนาการ ปทุมธานี,2564/1,ไม่ปรากฎสัญชาติ,M3,0
โรงเรียนเตรียมอุดมศึกษาพัฒนาการ ปทุมธานี,2564/1,ไม่ปรากฎสัญชาติ,M4,0
โรงเรียนเตรียมอุดมศึกษาพัฒนาการ ปทุมธานี,2564/1,ไม่ปรากฎสัญชาติ,M5,0
โรงเรียนเตรียมอุดมศึกษาพัฒนาการ ปทุมธานี,2564/1,ไม่ปรากฎสัญชาติ,M6,0
โรงเรียนเตรียมอุดมศึกษาพัฒนาการ ปทุมธานี,2564/1,พม่า,P1,0
โรงเรียนเตรียมอุดมศึกษาพัฒนาการ ปทุมธานี,2564/1,พม่า,P2,0
โรงเรียนเตรียมอุดมศึกษาพัฒนาการ ปทุมธานี,2564/1,พม่า,P3,0
โรงเรียนเตรียมอุดมศึกษาพัฒนาการ ปทุมธานี,2564/1,พม่า,P4,0
โรงเรียนเตรียมอุดมศึกษาพัฒนาการ ปทุมธานี,2564/1,พม่า,P5,0
โรงเรียนเตรียมอุดมศึกษาพัฒนาการ ปทุมธานี,2564/1,พม่า,P6,0
โรงเรียนเตรียมอุดมศึกษาพัฒนาการ ปทุมธานี,2564/1,พม่า,M1,3
โรงเรียนเตรียมอุดมศึกษาพัฒนาการ ปทุมธานี,2564/1,พม่า,M2,2
โรงเรียนเตรียมอุดมศึกษาพัฒนาการ ปทุมธานี,2564/1,พม่า,M3,1
โรงเรียนเตรียมอุดมศึกษาพัฒนาการ ปทุมธานี,2564/1,พม่า,M4,0
โรงเรียนเตรียมอุดมศึกษาพัฒนาการ ปทุมธานี,2564/1,พม่า,M5,3
โรงเรียนเตรียมอุดมศึกษาพัฒนาการ ปทุมธานี,2564/1,พม่า,M6,1
โรงเรียนเตรียมอุดมศึกษาพัฒนาการ ปทุมธานี,2564/1,ไทย,P1,0
โรงเรียนเตรียมอุดมศึกษาพัฒนาการ ปทุมธานี,2564/1,ไทย,P2,0
โรงเรียนเตรียมอุดมศึกษาพัฒนาการ ปทุมธานี,2564/1,ไทย,P3,0
โรงเรียนเตรียมอุดมศึกษาพัฒนาการ ปทุมธานี,2564/1,ไทย,P4,0
โรงเรียนเตรียมอุดมศึกษาพัฒนาการ ปทุมธานี,2564/1,ไทย,P5,0
โรงเรียนเตรียมอุดมศึกษาพัฒนาการ ปทุมธานี,2564/1,ไทย,P6,0
โรงเรียนเตรียมอุดมศึกษาพัฒนาการ ปทุมธานี,2564/1,ไทย,M1,484
โรงเรียนเตรียมอุดมศึกษาพัฒนาการ ปทุมธานี,2564/1,ไทย,M2,459
โรงเรียนเตรียมอุดมศึกษาพัฒนาการ ปทุมธานี,2564/1,ไทย,M3,442
โรงเรียนเตรียมอุดมศึกษาพัฒนาการ ปทุมธานี,2564/1,ไทย,M4,424
โรงเรียนเตรียมอุดมศึกษาพัฒนาการ ปทุมธานี,2564/1,ไทย,M5,424
โรงเรียนเตรียมอุดมศึกษาพัฒนาการ ปทุมธานี,2564/1,ไทย,M6,356
โรงเรียนเตรียมอุดมศึกษาพัฒนาการ ปทุมธานี,2564/1,กัมพูชา,P1,0
โรงเรียนเตรียมอุดมศึกษาพัฒนาการ ปทุมธานี,2564/1,กัมพูชา,P2,0
โรงเรียนเตรียมอุดมศึกษาพัฒนาการ ปทุมธานี,2564/1,กัมพูชา,P3,0
โรงเรียนเตรียมอุดมศึกษาพัฒนาการ ปทุมธานี,2564/1,กัมพูชา,P4,0
โรงเรียนเตรียมอุดมศึกษาพัฒนาการ ปทุมธานี,2564/1,กัมพูชา,P5,0
โรงเรียนเตรียมอุดมศึกษาพัฒนาการ ปทุมธานี,2564/1,กัมพูชา,P6,0
โรงเรียนเตรียมอุดมศึกษาพัฒนาการ ปทุมธานี,2564/1,กัมพูชา,M1,1
โรงเรียนเตรียมอุดมศึกษาพัฒนาการ ปทุมธานี,2564/1,กัมพูชา,M2,1
โรงเรียนเตรียมอุดมศึกษาพัฒนาการ ปทุมธานี,2564/1,กัมพูชา,M3,0
โรงเรียนเตรียมอุดมศึกษาพัฒนาการ ปทุมธานี,2564/1,กัมพูชา,M4,1
โรงเรียนเตรียมอุดมศึกษาพัฒนาการ ปทุมธานี,2564/1,กัมพูชา,M5,0
โรงเรียนเตรียมอุดมศึกษาพัฒนาการ ปทุมธานี,2564/1,กัมพูชา,M6,0
โรงเรียนเทพศิรินทร์คลองสิบสาม ปทุมธานี,2564/1,ลาว,P1,0
โรงเรียนเทพศิรินทร์คลองสิบสาม ปทุมธานี,2564/1,ลาว,P2,0
โรงเรียนเทพศิรินทร์คลองสิบสาม ปทุมธานี,2564/1,ลาว,P3,0
โรงเรียนเทพศิรินทร์คลองสิบสาม ปทุมธานี,2564/1,ลาว,P4,0
โรงเรียนเทพศิรินทร์คลองสิบสาม ปทุมธานี,2564/1,ลาว,P5,0
โรงเรียนเทพศิรินทร์คลองสิบสาม ปทุมธานี,2564/1,ลาว,P6,0
โรงเรียนเทพศิรินทร์คลองสิบสาม ปทุมธานี,2564/1,ลาว,M1,3
โรงเรียนเทพศิรินทร์คลองสิบสาม ปทุมธานี,2564/1,ลาว,M2,3
โรงเรียนเทพศิรินทร์คลองสิบสาม ปทุมธานี,2564/1,ลาว,M3,3
โรงเรียนเทพศิรินทร์คลองสิบสาม ปทุมธานี,2564/1,ลาว,M4,2
โรงเรียนเทพศิรินทร์คลองสิบสาม ปทุมธานี,2564/1,ลาว,M5,0
โรงเรียนเทพศิรินทร์คลองสิบสาม ปทุมธานี,2564/1,ลาว,M6,0
โรงเรียนเทพศิรินทร์คลองสิบสาม ปทุมธานี,2564/1,ไม่ปรากฎสัญชาติ,P1,0
โรงเรียนเทพศิรินทร์คลองสิบสาม ปทุมธานี,2564/1,ไม่ปรากฎสัญชาติ,P2,0
โรงเรียนเทพศิรินทร์คลองสิบสาม ปทุมธานี,2564/1,ไม่ปรากฎสัญชาติ,P3,0
โรงเรียนเทพศิรินทร์คลองสิบสาม ปทุมธานี,2564/1,ไม่ปรากฎสัญชาติ,P4,0
โรงเรียนเทพศิรินทร์คลองสิบสาม ปทุมธานี,2564/1,ไม่ปรากฎสัญชาติ,P5,0
โรงเรียนเทพศิรินทร์คลองสิบสาม ปทุมธานี,2564/1,ไม่ปรากฎสัญชาติ,P6,0
โรงเรียนเทพศิรินทร์คลองสิบสาม ปทุมธานี,2564/1,ไม่ปรากฎสัญชาติ,M1,1
โรงเรียนเทพศิรินทร์คลองสิบสาม ปทุมธานี,2564/1,ไม่ปรากฎสัญชาติ,M2,0
โรงเรียนเทพศิรินทร์คลองสิบสาม ปทุมธานี,2564/1,ไม่ปรากฎสัญชาติ,M3,0
โรงเรียนเทพศิรินทร์คลองสิบสาม ปทุมธานี,2564/1,ไม่ปรากฎสัญชาติ,M4,0
โรงเรียนเทพศิรินทร์คลองสิบสาม ปทุมธานี,2564/1,ไม่ปรากฎสัญชาติ,M5,0
โรงเรียนเทพศิรินทร์คลองสิบสาม ปทุมธานี,2564/1,ไม่ปรากฎสัญชาติ,M6,0
โรงเรียนเทพศิรินทร์คลองสิบสาม ปทุมธานี,2564/1,ไทย,P1,0
โรงเรียนเทพศิรินทร์คลองสิบสาม ปทุมธานี,2564/1,ไทย,P2,0
โรงเรียนเทพศิรินทร์คลองสิบสาม ปทุมธานี,2564/1,ไทย,P3,0
โรงเรียนเทพศิรินทร์คลองสิบสาม ปทุมธานี,2564/1,ไทย,P4,0
โรงเรียนเทพศิรินทร์คลองสิบสาม ปทุมธานี,2564/1,ไทย,P5,0
โรงเรียนเทพศิรินทร์คลองสิบสาม ปทุมธานี,2564/1,ไทย,P6,0
โรงเรียนเทพศิรินทร์คลองสิบสาม ปทุมธานี,2564/1,ไทย,M1,176
โรงเรียนเทพศิรินทร์คลองสิบสาม ปทุมธานี,2564/1,ไทย,M2,130
โรงเรียนเทพศิรินทร์คลองสิบสาม ปทุมธานี,2564/1,ไทย,M3,140
โรงเรียนเทพศิรินทร์คลองสิบสาม ปทุมธานี,2564/1,ไทย,M4,174
โรงเรียนเทพศิรินทร์คลองสิบสาม ปทุมธานี,2564/1,ไทย,M5,162
โรงเรียนเทพศิรินทร์คลองสิบสาม ปทุมธานี,2564/1,ไทย,M6,119
โรงเรียนเทพศิรินทร์คลองสิบสาม ปทุมธานี,2564/1,กัมพูชา,P1,0
โรงเรียนเทพศิรินทร์คลองสิบสาม ปทุมธานี,2564/1,กัมพูชา,P2,0
โรงเรียนเทพศิรินทร์คลองสิบสาม ปทุมธานี,2564/1,กัมพูชา,P3,0
โรงเรียนเทพศิรินทร์คลองสิบสาม ปทุมธานี,2564/1,กัมพูชา,P4,0
โรงเรียนเทพศิรินทร์คลองสิบสาม ปทุมธานี,2564/1,กัมพูชา,P5,0
โรงเรียนเทพศิรินทร์คลองสิบสาม ปทุมธานี,2564/1,กัมพูชา,P6,0
โรงเรียนเทพศิรินทร์คลองสิบสาม ปทุมธานี,2564/1,กัมพูชา,M1,0
โรงเรียนเทพศิรินทร์คลองสิบสาม ปทุมธานี,2564/1,กัมพูชา,M2,0
โรงเรียนเทพศิรินทร์คลองสิบสาม ปทุมธานี,2564/1,กัมพูชา,M3,0
โรงเรียนเทพศิรินทร์คลองสิบสาม ปทุมธานี,2564/1,กัมพูชา,M4,0
โรงเรียนเทพศิรินทร์คลองสิบสาม ปทุมธานี,2564/1,กัมพูชา,M5,0
โรงเรียนเทพศิรินทร์คลองสิบสาม ปทุมธานี,2564/1,กัมพูชา,M6,1
โรงเรียนนวมินทราชินูทิศ สวนกุหลาบวิทยาลัย ปทุมธานี,2564/1,อื่นๆ,P1,0
โรงเรียนนวมินทราชินูทิศ สวนกุหลาบวิทยาลัย ปทุมธานี,2564/1,อื่นๆ,P2,0
โรงเรียนนวมินทราชินูทิศ สวนกุหลาบวิทยาลัย ปทุมธานี,2564/1,อื่นๆ,P3,0
โรงเรียนนวมินทราชินูทิศ สวนกุหลาบวิทยาลัย ปทุมธานี,2564/1,อื่นๆ,P4,0
โรงเรียนนวมินทราชินูทิศ สวนกุหลาบวิทยาลัย ปทุมธานี,2564/1,อื่นๆ,P5,0
โรงเรียนนวมินทราชินูทิศ สวนกุหลาบวิทยาลัย ปทุมธานี,2564/1,อื่นๆ,P6,0
โรงเรียนนวมินทราชินูทิศ สวนกุหลาบวิทยาลัย ปทุมธานี,2564/1,อื่นๆ,M1,0
โรงเรียนนวมินทราชินูทิศ สวนกุหลาบวิทยาลัย ปทุมธานี,2564/1,อื่นๆ,M2,1
โรงเรียนนวมินทราชินูทิศ สวนกุหลาบวิทยาลัย ปทุมธานี,2564/1,อื่นๆ,M3,0
โรงเรียนนวมินทราชินูทิศ สวนกุหลาบวิทยาลัย ปทุมธานี,2564/1,อื่นๆ,M4,0
โรงเรียนนวมินทราชินูทิศ สวนกุหลาบวิทยาลัย ปทุมธานี,2564/1,อื่นๆ,M5,0
โรงเรียนนวมินทราชินูทิศ สวนกุหลาบวิทยาลัย ปทุมธานี,2564/1,อื่นๆ,M6,1
โรงเรียนนวมินทราชินูทิศ สวนกุหลาบวิทยาลัย ปทุมธานี,2564/1,ไม่ปรากฎสัญชาติ,P1,0
โรงเรียนนวมินทราชินูทิศ สวนกุหลาบวิทยาลัย ปทุมธานี,2564/1,ไม่ปรากฎสัญชาติ,P2,0
โรงเรียนนวมินทราชินูทิศ สวนกุหลาบวิทยาลัย ปทุมธานี,2564/1,ไม่ปรากฎสัญชาติ,P3,0
โรงเรียนนวมินทราชินูทิศ สวนกุหลาบวิทยาลัย ปทุมธานี,2564/1,ไม่ปรากฎสัญชาติ,P4,0
โรงเรียนนวมินทราชินูทิศ สวนกุหลาบวิทยาลัย ปทุมธานี,2564/1,ไม่ปรากฎสัญชาติ,P5,0
โรงเรียนนวมินทราชินูทิศ สวนกุหลาบวิทยาลัย ปทุมธานี,2564/1,ไม่ปรากฎสัญชาติ,P6,0
โรงเรียนนวมินทราชินูทิศ สวนกุหลาบวิทยาลัย ปทุมธานี,2564/1,ไม่ปรากฎสัญชาติ,M1,5
โรงเรียนนวมินทราชินูทิศ สวนกุหลาบวิทยาลัย ปทุมธานี,2564/1,ไม่ปรากฎสัญชาติ,M2,0
โรงเรียนนวมินทราชินูทิศ สวนกุหลาบวิทยาลัย ปทุมธานี,2564/1,ไม่ปรากฎสัญชาติ,M3,0
โรงเรียนนวมินทราชินูทิศ สวนกุหลาบวิทยาลัย ปทุมธานี,2564/1,ไม่ปรากฎสัญชาติ,M4,0
โรงเรียนนวมินทราชินูทิศ สวนกุหลาบวิทยาลัย ปทุมธานี,2564/1,ไม่ปรากฎสัญชาติ,M5,0
โรงเรียนนวมินทราชินูทิศ สวนกุหลาบวิทยาลัย ปทุมธานี,2564/1,ไม่ปรากฎสัญชาติ,M6,0
โรงเรียนนวมินทราชินูทิศ สวนกุหลาบวิทยาลัย ปทุมธานี,2564/1,พม่า,P1,0
โรงเรียนนวมินทราชินูทิศ สวนกุหลาบวิทยาลัย ปทุมธานี,2564/1,พม่า,P2,0
โรงเรียนนวมินทราชินูทิศ สวนกุหลาบวิทยาลัย ปทุมธานี,2564/1,พม่า,P3,0
โรงเรียนนวมินทราชินูทิศ สวนกุหลาบวิทยาลัย ปทุมธานี,2564/1,พม่า,P4,0
โรงเรียนนวมินทราชินูทิศ สวนกุหลาบวิทยาลัย ปทุมธานี,2564/1,พม่า,P5,0
โรงเรียนนวมินทราชินูทิศ สวนกุหลาบวิทยาลัย ปทุมธานี,2564/1,พม่า,P6,0
โรงเรียนนวมินทราชินูทิศ สวนกุหลาบวิทยาลัย ปทุมธานี,2564/1,พม่า,M1,0
โรงเรียนนวมินทราชินูทิศ สวนกุหลาบวิทยาลัย ปทุมธานี,2564/1,พม่า,M2,2
โรงเรียนนวมินทราชินูทิศ สวนกุหลาบวิทยาลัย ปทุมธานี,2564/1,พม่า,M3,0
โรงเรียนนวมินทราชินูทิศ สวนกุหลาบวิทยาลัย ปทุมธานี,2564/1,พม่า,M4,0
โรงเรียนนวมินทราชินูทิศ สวนกุหลาบวิทยาลัย ปทุมธานี,2564/1,พม่า,M5,1
โรงเรียนนวมินทราชินูทิศ สวนกุหลาบวิทยาลัย ปทุมธานี,2564/1,พม่า,M6,1
โรงเรียนนวมินทราชินูทิศ สวนกุหลาบวิทยาลัย ปทุมธานี,2564/1,ไทย,P1,0
โรงเรียนนวมินทราชินูทิศ สวนกุหลาบวิทยาลัย ปทุมธานี,2564/1,ไทย,P2,0
โรงเรียนนวมินทราชินูทิศ สวนกุหลาบวิทยาลัย ปทุมธานี,2564/1,ไทย,P3,0
โรงเรียนนวมินทราชินูทิศ สวนกุหลาบวิทยาลัย ปทุมธานี,2564/1,ไทย,P4,0
โรงเรียนนวมินทราชินูทิศ สวนกุหลาบวิทยาลัย ปทุมธานี,2564/1,ไทย,P5,0
โรงเรียนนวมินทราชินูทิศ สวนกุหลาบวิทยาลัย ปทุมธานี,2564/1,ไทย,P6,0
โรงเรียนนวมินทราชินูทิศ สวนกุหลาบวิทยาลัย ปทุมธานี,2564/1,ไทย,M1,367
โรงเรียนนวมินทราชินูทิศ สวนกุหลาบวิทยาลัย ปทุมธานี,2564/1,ไทย,M2,373
โรงเรียนนวมินทราชินูทิศ สวนกุหลาบวิทยาลัย ปทุมธานี,2564/1,ไทย,M3,374
โรงเรียนนวมินทราชินูทิศ สวนกุหลาบวิทยาลัย ปทุมธานี,2564/1,ไทย,M4,357
โรงเรียนนวมินทราชินูทิศ สวนกุหลาบวิทยาลัย ปทุมธานี,2564/1,ไทย,M5,376
โรงเรียนนวมินทราชินูทิศ สวนกุหลาบวิทยาลัย ปทุมธานี,2564/1,ไทย,M6,389
โรงเรียนมัธยมสังคีตวิทยา กรุงเทพมหานคร,2564/1,อื่นๆ,P1,0
โรงเรียนมัธยมสังคีตวิทยา กรุงเทพมหานคร,2564/1,อื่นๆ,P2,0
โรงเรียนมัธยมสังคีตวิทยา กรุงเทพมหานคร,2564/1,อื่นๆ,P3,0
โรงเรียนมัธยมสังคีตวิทยา กรุงเทพมหานคร,2564/1,อื่นๆ,P4,0
โรงเรียนมัธยมสังคีตวิทยา กรุงเทพมหานคร,2564/1,อื่นๆ,P5,0
โรงเรียนมัธยมสังคีตวิทยา กรุงเทพมหานคร,2564/1,อื่นๆ,P6,0
โรงเรียนมัธยมสังคีตวิทยา กรุงเทพมหานคร,2564/1,อื่นๆ,M1,1
โรงเรียนมัธยมสังคีตวิทยา กรุงเทพมหานคร,2564/1,อื่นๆ,M2,0
โรงเรียนมัธยมสังคีตวิทยา กรุงเทพมหานคร,2564/1,อื่นๆ,M3,0
โรงเรียนมัธยมสังคีตวิทยา กรุงเทพมหานคร,2564/1,อื่นๆ,M4,0
โรงเรียนมัธยมสังคีตวิทยา กรุงเทพมหานคร,2564/1,อื่นๆ,M5,0
โรงเรียนมัธยมสังคีตวิทยา กรุงเทพมหานคร,2564/1,อื่นๆ,M6,0
โรงเรียนมัธยมสังคีตวิทยา กรุงเทพมหานคร,2564/1,เวียดนาม,P1,0
โรงเรียนมัธยมสังคีตวิทยา กรุงเทพมหานคร,2564/1,เวียดนาม,P2,0
โรงเรียนมัธยมสังคีตวิทยา กรุงเทพมหานคร,2564/1,เวียดนาม,P3,0
โรงเรียนมัธยมสังคีตวิทยา กรุงเทพมหานคร,2564/1,เวียดนาม,P4,0
โรงเรียนมัธยมสังคีตวิทยา กรุงเทพมหานคร,2564/1,เวียดนาม,P5,0
โรงเรียนมัธยมสังคีตวิทยา กรุงเทพมหานคร,2564/1,เวียดนาม,P6,0
โรงเรียนมัธยมสังคีตวิทยา กรุงเทพมหานคร,2564/1,เวียดนาม,M1,1
โรงเรียนมัธยมสังคีตวิทยา กรุงเทพมหานคร,2564/1,เวียดนาม,M2,1
โรงเรียนมัธยมสังคีตวิทยา กรุงเทพมหานคร,2564/1,เวียดนาม,M3,0
โรงเรียนมัธยมสังคีตวิทยา กรุงเทพมหานคร,2564/1,เวียดนาม,M4,0
โรงเรียนมัธยมสังคีตวิทยา กรุงเทพมหานคร,2564/1,เวียดนาม,M5,0
โรงเรียนมัธยมสังคีตวิทยา กรุงเทพมหานคร,2564/1,เวียดนาม,M6,0
โรงเรียนมัธยมสังคีตวิทยา กรุงเทพมหานคร,2564/1,ไม่ปรากฎสัญชาติ,P1,0
โรงเรียนมัธยมสังคีตวิทยา กรุงเทพมหานคร,2564/1,ไม่ปรากฎสัญชาติ,P2,0
โรงเรียนมัธยมสังคีตวิทยา กรุงเทพมหานคร,2564/1,ไม่ปรากฎสัญชาติ,P3,0
โรงเรียนมัธยมสังคีตวิทยา กรุงเทพมหานคร,2564/1,ไม่ปรากฎสัญชาติ,P4,0
โรงเรียนมัธยมสังคีตวิทยา กรุงเทพมหานคร,2564/1,ไม่ปรากฎสัญชาติ,P5,0
โรงเรียนมัธยมสังคีตวิทยา กรุงเทพมหานคร,2564/1,ไม่ปรากฎสัญชาติ,P6,0
โรงเรียนมัธยมสังคีตวิทยา กรุงเทพมหานคร,2564/1,ไม่ปรากฎสัญชาติ,M1,0
โรงเรียนมัธยมสังคีตวิทยา กรุงเทพมหานคร,2564/1,ไม่ปรากฎสัญชาติ,M2,1
โรงเรียนมัธยมสังคีตวิทยา กรุงเทพมหานคร,2564/1,ไม่ปรากฎสัญชาติ,M3,0
โรงเรียนมัธยมสังคีตวิทยา กรุงเทพมหานคร,2564/1,ไม่ปรากฎสัญชาติ,M4,0
โรงเรียนมัธยมสังคีตวิทยา กรุงเทพมหานคร,2564/1,ไม่ปรากฎสัญชาติ,M5,1
โรงเรียนมัธยมสังคีตวิทยา กรุงเทพมหานคร,2564/1,ไม่ปรากฎสัญชาติ,M6,0
โรงเรียนมัธยมสังคีตวิทยา กรุงเทพมหานคร,2564/1,พม่า,P1,0
โรงเรียนมัธยมสังคีตวิทยา กรุงเทพมหานคร,2564/1,พม่า,P2,0
โรงเรียนมัธยมสังคีตวิทยา กรุงเทพมหานคร,2564/1,พม่า,P3,0
โรงเรียนมัธยมสังคีตวิทยา กรุงเทพมหานคร,2564/1,พม่า,P4,0
โรงเรียนมัธยมสังคีตวิทยา กรุงเทพมหานคร,2564/1,พม่า,P5,0
โรงเรียนมัธยมสังคีตวิทยา กรุงเทพมหานคร,2564/1,พม่า,P6,0
โรงเรียนมัธยมสังคีตวิทยา กรุงเทพมหานคร,2564/1,พม่า,M1,2
โรงเรียนมัธยมสังคีตวิทยา กรุงเทพมหานคร,2564/1,พม่า,M2,0
โรงเรียนมัธยมสังคีตวิทยา กรุงเทพมหานคร,2564/1,พม่า,M3,0
โรงเรียนมัธยมสังคีตวิทยา กรุงเทพมหานคร,2564/1,พม่า,M4,0
โรงเรียนมัธยมสังคีตวิทยา กรุงเทพมหานคร,2564/1,พม่า,M5,0
โรงเรียนมัธยมสังคีตวิทยา กรุงเทพมหานคร,2564/1,พม่า,M6,0
โรงเรียนมัธยมสังคีตวิทยา กรุงเทพมหานคร,2564/1,ไทย,P1,0
โรงเรียนมัธยมสังคีตวิทยา กรุงเทพมหานคร,2564/1,ไทย,P2,0
โรงเรียนมัธยมสังคีตวิทยา กรุงเทพมหานคร,2564/1,ไทย,P3,0
โรงเรียนมัธยมสังคีตวิทยา กรุงเทพมหานคร,2564/1,ไทย,P4,0
โรงเรียนมัธยมสังคีตวิทยา กรุงเทพมหานคร,2564/1,ไทย,P5,0
โรงเรียนมัธยมสังคีตวิทยา กรุงเทพมหานคร,2564/1,ไทย,P6,0
โรงเรียนมัธยมสังคีตวิทยา กรุงเทพมหานคร,2564/1,ไทย,M1,120
โรงเรียนมัธยมสังคีตวิทยา กรุงเทพมหานคร,2564/1,ไทย,M2,90
โรงเรียนมัธยมสังคีตวิทยา กรุงเทพมหานคร,2564/1,ไทย,M3,88
โรงเรียนมัธยมสังคีตวิทยา กรุงเทพมหานคร,2564/1,ไทย,M4,123
โรงเรียนมัธยมสังคีตวิทยา กรุงเทพมหานคร,2564/1,ไทย,M5,106
โรงเรียนมัธยมสังคีตวิทยา กรุงเทพมหานคร,2564/1,ไทย,M6,85
โรงเรียนมัธยมสังคีตวิทยา กรุงเทพมหานคร,2564/1,กัมพูชา,P1,0
โรงเรียนมัธยมสังคีตวิทยา กรุงเทพมหานคร,2564/1,กัมพูชา,P2,0
โรงเรียนมัธยมสังคีตวิทยา กรุงเทพมหานคร,2564/1,กัมพูชา,P3,0
โรงเรียนมัธยมสังคีตวิทยา กรุงเทพมหานคร,2564/1,กัมพูชา,P4,0
โรงเรียนมัธยมสังคีตวิทยา กรุงเทพมหานคร,2564/1,กัมพูชา,P5,0
โรงเรียนมัธยมสังคีตวิทยา กรุงเทพมหานคร,2564/1,กัมพูชา,P6,0
โรงเรียนมัธยมสังคีตวิทยา กรุงเทพมหานคร,2564/1,กัมพูชา,M1,2
โรงเรียนมัธยมสังคีตวิทยา กรุงเทพมหานคร,2564/1,กัมพูชา,M2,2
โรงเรียนมัธยมสังคีตวิทยา กรุงเทพมหานคร,2564/1,กัมพูชา,M3,1
โรงเรียนมัธยมสังคีตวิทยา กรุงเทพมหานคร,2564/1,กัมพูชา,M4,0
โรงเรียนมัธยมสังคีตวิทยา กรุงเทพมหานคร,2564/1,กัมพูชา,M5,0
โรงเรียนมัธยมสังคีตวิทยา กรุงเทพมหานคร,2564/1,กัมพูชา,M6,0
